item,1CM-F,2CM-F,3CM-F,4CM-F,5CM-F,6CM-M,7CM-F,8CM-F,9CM-M,10CM-F,11CM-M,12CM-F,13CM-F,14CM-F,15CM-M,16CM-M,17CM-F,18CM-F,19CM-F,20CM-F,21CM-F,22CM-M,23CM-F,24CM-M,25CM-F,26CM-F,27CM-F,28CM-M,29CM-M,30CM-M,31CM-M,32CM-M,33CM-F,34CM-F,35CM-M,36CM-M,37CM-M,38CM-F,39CM-M,1CMP-M,2CMP-F,3CMP-F,4CMP-F,5CMP-M,6CMP-M,7CMP-M,8CMP-F,9CMP-F,10CMP-F,11CMP-F,12CMP-M,1Sp-M,2Sp-M,3Sp-M,4Sp-M,5Sp-M,6Sp-M,7Sp-F,8Sp-F,9Sp-M,10Sp-F,11Sp-F,12Sp-M,13Sp-M,14Sp-F,15Sp-F,16Sp-M,17Sp-M,18Sp-M,1J-M,2J-M,1Se-M,2Se-F,3Se-F,4Se-M,5Se-M,6Se-M,7Se-F,8Se-F,9Se-M
P1,a,a,a,a,a,a,b,a,a,a,a,a,a,a,a,a,a,a,a,b,b,a,a,a,a,a,a,a,a,a,a,a,a,b,a,a,b,a,b,a,b,b,b,a,,a,a,b,a,a,a,b,b,b,a,a,b,a,b,b,a,a,b,b,b,b,b,b,b,b,a,b,b,b,b,a,b,b,b,b
P2,a,a,a,a,a,b,a,a,a,a,a,a,a,a,a,a,a,a,a,a,a,a,a,a,a,a,a,a,a,a,a,a,a,a,a,a,a,a,a,a,a,a,a,a,a,a,a,a,a,a,a,a,a,a,a,a,a,a,a,a,a,a,a,a,a,a,a,b,a,a,a,a,a,a,a,a,b,a,a,a
P3,a,a,a,a,a,b,a,a,a,a,a,a,b,a,a,a,b,b,b,a,a,a,a,b,a,a,a,a,a,a,a,a,a,a,a,a,a,a,a,a,a,a,a,a,a,a,a,a,a,a,a,a,a,a,a,a,a,a,a,b,a,a,a,a,a,a,a,b,a,a,a,b,a,b,a,a,a,a,a,b
P4,a,a,a,a,a,a,b,a,b,b,a,a,a,b,a,a,a,a,a,a,a,a,a,b,b,b,a,a,a,a,b,b,a,a,b,a,b,b,a,b,b,b,a,b,b,a,a,a,a,a,a,a,b,b,b,a,b,a,b,b,a,a,b,b,b,a,a,a,a,b,a,a,a,a,b,b,b,a,b,a
P5,a,a,a,a,a,a,a,a,a,a,a,a,a,a,a,a,a,a,a,a,a,a,a,a,a,a,a,a,a,a,a,a,a,a,a,a,a,a,a,a,a,a,a,a,a,a,a,a,a,a,a,a,a,a,a,a,a,a,a,a,a,a,a,a,a,a,a,a,a,a,a,a,a,a,a,a,a,a,b,a
P6,e,c,c,b,c,c,e,c,,e,c,d,c,e,b,c,e,a,b,c,d,c,e,b,e,e,c,f,e,b,e,d,c,c,d,c,c,c,e,e,e,d,d,e,f,d,d,e,b,c,d,d,e,c,c,d,c,e,a,d,c,d,d,c,d,d,d,,c,d,d,d,e,d,d,d,c,c,e,c
P7,a,a,a,a,a,a,a,a,a,a,a,a,a,a,a,a,a,a,a,a,a,a,b,a,a,a,a,a,a,a,a,a,a,a,a,a,a,a,a,a,a,a,a,a,a,a,a,a,a,a,a,a,a,a,a,a,a,a,a,a,a,a,a,a,a,a,a,a,a,a,a,a,a,a,a,a,a,a,a,a
P8,a,a,a,a,a,a,a,a,a,a,a,a,a,a,b,a,a,a,a,a,a,a,a,a,a,a,a,a,a,a,a,a,a,a,a,a,a,a,a,a,a,a,a,a,a,a,a,a,a,a,a,a,a,a,a,a,a,a,a,a,a,a,a,a,a,a,a,a,a,a,a,a,a,a,,a,a,a,a,a
P9,a,a,a,a,a,a,a,a,a,a,a,a,a,a,a,a,b,a,a,a,a,a,a,a,a,a,a,a,a,a,a,a,a,a,a,a,a,a,a,a,,b,a,a,a,a,a,a,a,a,a,a,a,a,a,a,a,a,a,a,a,a,a,b,a,a,a,a,b,b,a,b,b,b,b,b,b,a,b,a
P10,a,a,b,b,a,a,,a,b,b,b,b,a,b,a,b,b,b,a,a,a,b,b,b,b,b,b,b,a,,b,a,b,b,b,b,b,b,b,b,b,b,a,a,a,b,b,b,b,a,b,b,b,b,b,b,b,a,b,b,b,b,b,a,a,a,a,b,a,a,a,a,b,b,a,b,b,a,b,a
P11,b,a,a,a,b,,a,a,b,b,b,a,b,b,a,b,a,b,a,b,b,a,b,a,b,b,b,b,b,a,a,a,b,b,b,b,b,c,b,b,b,b,b,b,b,b,b,b,b,b,a,b,b,b,b,b,b,b,b,b,b,b,b,b,b,a,,b,b,b,b,b,b,b,b,b,b,b,b,b
P12,a,a,a,b,a,a,a,a,a,c,a,a,a,a,a,a,a,a,a,a,a,,a,a,a,a,,d,a,a,a,a,a,a,a,a,a,a,a,a,a,a,a,a,a,a,a,a,a,a,a,a,a,a,a,a,a,a,a,a,a,a,a,a,a,a,a,a,a,a,a,a,b,a,a,a,a,a,a,a
MP1,a,a,a,a,b,b,a,a,a,a,a,a,a,a,a,b,a,c,a,a,a,a,b,a,c,a,a,a,a,a,a,a,b,a,b,b,a,a,a,a,a,a,a,a,a,a,a,a,a,a,a,a,a,a,a,a,b,a,a,a,a,a,a,a,a,a,a,a,a,a,a,a,a,a,a,a,a,a,a,a
MP2,a,a,a,a,a,a,a,a,a,a,a,a,a,a,a,a,a,a,a,a,a,a,a,a,a,a,a,a,a,a,b,a,a,a,a,a,a,a,a,a,a,a,a,a,a,a,a,a,a,b,a,a,a,a,a,a,a,a,a,a,a,a,a,a,a,a,a,a,a,a,a,a,a,a,a,a,a,a,a,a
MP3,b,a,b,b,b,a,b,a,b,b,b,c,b,b,b,b,a,b,b,b,c,b,b,b,b,b,b,a,b,c,b,b,b,b,b,b,b,b,,b,b,b,b,b,c,b,b,b,b,b,b,a,b,b,b,a,b,a,b,b,b,b,b,b,b,b,b,b,b,a,b,b,b,b,b,b,b,b,b,b
MP4,b,b,b,b,b,a,b,b,b,a,b,b,c,b,b,a,b,d,b,b,a,a,c,b,b,a,a,b,a,b,c,b,a,b,a,a,b,b,b,b,b,b,b,b,b,b,b,b,b,b,b,b,a,b,b,a,b,b,b,b,b,b,b,b,b,b,b,b,b,b,b,b,b,b,b,b,b,b,b,b
MP5,c,c,c,c,c,,c,c,c,a,c,c,b,c,c,a,c,b,c,c,c,a,b,c,c,a,a,c,c,,b,c,a,c,a,a,c,c,c,c,c,c,c,c,c,c,c,c,c,c,c,c,c,c,c,a,c,c,c,c,c,c,c,c,c,c,c,c,c,c,c,c,c,c,c,c,c,c,c,c
MP6,a,,d,a,a,a,a,c,a,a,a,d,a,a,a,b,a,a,a,c,c,b,b,c,a,a,a,c,a,b,b,a,b,a,b,a,a,a,a,d,a,a,a,a,d,a,a,a,a,a,a,a,d,a,a,a,a,d,c,a,c,b,a,a,a,a,a,d,a,a,a,a,a,a,a,a,a,a,a,a
MP7,b,b,d,b,b,b,b,b,c,b,b,b,b,b,b,b,b,b,c,a,b,a,a,b,b,b,b,c,b,d,b,b,a,b,a,b,b,b,b,b,b,c,b,b,d,b,b,b,b,b,a,b,d,b,b,b,b,b,b,b,b,,b,b,b,b,b,b,b,b,b,b,b,b,b,b,b,b,b,b
MP8,a,a,a,a,a,a,a,a,a,a,a,a,a,a,a,a,a,a,a,a,a,a,a,a,a,a,a,d,a,a,b,a,a,a,a,a,a,a,a,a,a,a,a,a,d,a,a,a,a,a,a,a,a,a,a,a,a,a,a,a,a,a,a,a,a,a,a,a,a,a,a,a,a,a,a,a,a,a,a,a
MP9,c,a,c,c,c,,c,a,c,c,a,a,a,a,a,a,c,a,a,a,a,b,c,d,a,a,c,a,a,c,a,a,c,c,c,a,a,c,c,e,a,c,c,,c,a,a,a,a,a,a,a,a,a,a,c,a,a,c,a,a,a,a,a,a,c,,a,a,a,c,a,a,c,a,a,c,a,a,a
MP10,a,b,a,a,a,a,a,a,a,a,a,a,a,a,a,a,a,a,a,b,a,a,a,a,a,a,,a,a,,a,a,a,a,a,a,a,a,a,a,a,a,a,a,a,a,a,a,a,a,a,a,a,a,a,a,a,a,a,a,a,a,a,a,a,a,a,a,a,a,a,a,a,a,a,a,a,a,a,a
LP1,b,b,a,b,b,c,b,b,b,a,b,b,c,b,a,a,b,b,c,b,a,a,b,c,b,b,b,b,b,c,a,a,c,b,a,b,a,c,b,b,a,b,a,b,b,b,b,b,b,b,b,b,b,a,a,a,,b,a,b,b,b,b,b,b,b,a,b,b,a,b,b,b,b,a,b,a,a,b,b
LP2,a,a,a,a,a,a,a,a,a,a,a,a,a,a,a,a,a,a,c,a,a,a,a,a,a,a,a,b,a,a,b,a,a,a,a,a,a,a,b,a,a,a,a,a,c,a,a,a,a,a,a,a,a,a,a,a,,a,a,a,a,a,a,c,a,a,a,a,a,a,a,a,a,a,b,a,a,a,a,a
LP3,a,a,b,a,a,a,a,a,a,a,a,c,b,a,a,a,a,a,a,a,b,a,a,a,a,a,a,a,a,a,b,a,a,a,a,a,a,a,b,a,a,a,c,a,a,b,a,a,a,a,a,a,a,a,a,b,b,a,a,a,b,b,a,b,b,b,a,a,a,a,a,a,b,a,a,a,a,b,a,a
LP4,a,a,b,a,a,a,a,a,a,a,a,a,a,a,a,a,a,a,a,a,a,a,a,a,a,a,a,a,c,a,a,a,a,a,a,a,a,a,a,a,a,a,a,,a,a,a,a,a,a,a,a,a,a,a,a,a,a,a,a,a,a,a,a,b,a,a,a,a,a,a,a,b,a,a,a,a,a,a,a
LP5,a,a,b,a,a,b,b,a,,c,b,c,b,b,b,b,b,a,c,b,c,b,a,b,b,a,b,b,c,a,b,b,a,a,a,b,b,b,a,a,b,b,a,,b,b,b,a,b,b,b,b,a,b,a,b,b,b,a,b,a,a,b,b,b,a,b,a,b,b,b,b,b,b,b,b,b,a,b,b
LP6,a,a,a,a,a,a,a,a,a,a,a,a,a,a,a,b,b,a,b,a,a,b,a,c,a,a,a,a,c,b,a,a,c,a,b,a,a,a,a,b,a,b,a,a,a,a,a,a,a,b,a,b,a,a,a,a,a,a,a,a,a,a,a,a,a,a,a,a,a,a,a,a,a,a,a,a,a,a,b,b
LP7,c,a,c,a,c,a,c,a,,c,b,c,c,a,a,c,a,a,c,a,c,b,c,c,c,a,a,c,c,c,b,a,c,a,c,a,a,c,a,a,a,a,a,c,c,a,a,a,a,b,a,a,a,a,a,a,a,a,,a,a,a,a,a,a,a,a,a,a,a,a,a,a,a,a,a,a,a,b,a
LP8,a,a,a,a,a,,a,b,a,c,a,c,a,a,a,b,a,a,a,a,a,a,a,a,b,a,a,a,c,a,c,b,c,a,a,a,b,a,a,a,a,a,c,a,a,a,a,b,a,a,a,,c,a,a,a,b,a,a,a,a,c,a,a,a,b,a,b,a,a,b,a,a,a,a,a,a,b,a,b
OLP1,a,b,c,a,a,a,a,a,,a,a,c,a,a,a,a,a,a,a,a,a,a,c,c,a,a,a,b,c,a,a,b,c,a,a,a,b,a,a,a,a,b,a,a,a,a,a,a,a,a,a,a,b,a,c,a,a,c,a,a,a,a,a,a,a,a,a,b,a,a,a,a,b,a,a,a,a,b,c,a
OLP2,b,b,d,b,c,b,b,b,a,c,b,b,b,b,b,a,b,b,d,b,b,b,d,b,c,b,a,b,c,b,b,b,d,c,b,b,a,b,,c,b,b,d,b,d,c,b,b,c,b,b,c,b,b,c,c,c,b,c,c,c,c,b,c,c,c,c,a,c,c,c,a,b,c,c,c,c,c,a,b
OLP3,a,a,a,a,a,a,a,a,a,d,a,a,a,b,a,a,a,a,a,a,a,a,b,a,a,a,a,b,a,a,b,b,a,a,a,a,a,a,a,a,a,a,a,a,a,a,a,a,a,a,a,a,d,a,a,a,a,a,a,a,a,a,a,a,a,a,a,a,a,a,a,a,a,a,a,a,a,a,a,a
OLP4,a,a,d,c,a,a,d,c,,c,a,a,d,c,a,a,a,c,d,c,d,b,c,c,a,a,c,a,d,a,a,a,a,a,a,a,a,d,a,a,c,c,d,a,d,a,c,a,d,c,a,c,c,c,c,c,c,c,c,d,c,c,c,a,d,a,c,c,a,c,b,c,b,a,c,a,a,a,c,a
OLP5,a,a,a,a,a,a,a,a,a,c,a,c,a,a,a,a,a,a,a,a,a,a,a,a,a,a,a,b,c,a,b,a,a,a,a,a,a,a,a,a,a,a,a,a,a,a,a,a,a,a,a,a,a,a,a,a,a,a,a,a,a,a,a,a,a,a,a,a,a,a,a,a,a,a,a,a,a,a,a,a
OLP6,a,a,c,a,c,a,c,b,,,b,c,c,a,a,c,a,a,a,a,c,c,c,c,c,a,a,a,c,c,a,a,c,c,c,a,b,c,b,a,a,c,c,b,c,b,a,a,c,b,a,a,c,a,a,a,b,c,b,a,a,c,c,c,c,a,a,a,a,a,a,c,c,a,a,a,a,b,c,a
S1,a,a,a,a,c,a,a,a,a,c,a,c,c,a,a,b,b,b,c,a,a,a,a,c,c,a,a,b,c,a,b,a,c,a,a,b,a,a,a,c,a,a,c,a,a,a,a,a,a,a,a,a,a,a,a,a,a,a,a,a,b,c,a,a,b,a,a,a,a,a,a,a,b,a,a,a,a,a,a,a
S2,a,b,a,a,b,a,a,a,b,c,a,c,,a,a,a,b,b,a,b,b,a,a,b,b,b,b,a,a,a,a,a,c,a,a,a,b,c,a,a,a,b,c,a,,b,a,a,a,a,b,b,a,a,a,a,b,b,a,b,a,a,b,b,a,b,b,b,b,a,b,b,a,a,a,a,b,b,b,b
S3,b,b,b,b,b,b,b,b,b,b,b,b,b,b,b,b,b,b,b,b,b,b,b,b,b,b,b,b,b,b,a,b,b,b,b,b,b,c,b,b,b,b,b,b,b,b,b,b,b,b,b,b,b,b,b,b,b,b,b,b,b,b,b,b,b,b,b,b,b,b,b,b,b,b,b,b,b,b,b,b
S4,b,a,b,b,a,b,b,b,c,b,b,c,b,b,a,a,b,b,b,b,b,b,b,c,b,b,b,a,c,b,a,b,c,b,b,a,b,a,b,b,b,b,b,b,b,b,b,b,b,b,b,b,b,b,a,b,b,b,b,b,b,b,b,b,b,a,b,b,b,b,b,b,b,b,b,b,b,b,b,b
S5,a,a,a,a,a,a,a,a,a,a,a,a,a,a,a,a,a,a,b,a,a,a,a,c,a,a,a,a,a,a,a,a,a,a,a,a,a,a,a,a,a,a,a,a,a,a,a,a,a,a,a,a,a,a,a,a,a,a,a,a,a,a,a,a,a,a,a,a,a,a,a,a,a,a,a,a,a,a,a,a
S6,a,a,a,a,a,a,a,a,a,a,a,a,a,a,a,a,a,a,a,a,a,a,a,a,a,a,a,a,a,a,a,a,a,a,a,a,a,a,a,a,a,a,a,,a,a,a,a,a,a,a,a,a,a,a,a,a,a,a,a,a,a,a,a,a,a,a,a,a,a,a,a,a,a,a,a,a,a,a,a
C1,a,a,a,a,a,a,a,a,a,a,a,a,,a,a,a,a,b,a,a,a,a,a,a,a,a,a,a,a,a,a,a,a,a,b,a,a,a,a,a,a,a,a,,a,a,a,a,a,a,a,a,a,a,a,a,a,a,a,a,a,a,a,a,a,a,a,a,a,b,a,a,a,a,a,a,,a,a,a
C2,,b,a,b,b,a,a,b,,c,a,b,a,a,a,b,b,b,b,b,b,a,a,b,b,b,b,b,b,b,a,a,a,b,a,a,b,a,b,b,b,b,b,,b,b,b,b,b,b,b,a,a,a,b,a,b,b,b,b,b,b,b,b,b,b,b,b,b,b,b,b,b,a,b,b,b,b,b,b
C3,b,b,b,b,b,,b,b,b,b,b,b,a,b,b,b,b,a,b,b,b,b,a,a,b,b,b,b,b,d,b,d,,b,b,b,b,b,b,b,b,b,b,,b,b,b,b,b,b,b,b,b,b,b,b,b,b,b,b,b,b,b,b,b,b,b,b,b,b,b,b,b,b,b,b,b,b,b,c
C4,b,b,b,b,b,,b,b,b,b,b,b,b,b,b,b,b,d,b,b,b,b,a,b,b,b,b,b,b,b,a,b,b,b,b,b,b,b,b,b,b,b,b,,b,b,b,b,b,b,b,b,b,b,b,,b,b,b,b,b,b,b,b,b,b,b,b,b,b,b,b,b,b,b,b,b,b,b,b
C5,a,a,a,a,a,,a,a,a,a,a,a,a,a,a,a,b,a,a,a,a,a,a,a,a,a,a,a,a,a,a,a,a,a,a,a,a,a,a,a,a,a,a,a,a,a,a,a,a,a,a,b,a,b,a,a,a,a,a,a,a,a,a,a,a,a,a,a,a,a,a,a,a,a,a,a,a,a,a,a
D1,b,b,b,b,b,,b,b,b,b,b,b,b,b,b,c,b,b,b,b,b,b,b,a,b,b,b,b,b,b,b,b,b,b,b,b,b,a,b,b,b,b,b,b,b,b,b,b,b,b,b,b,b,b,b,b,b,b,b,b,c,b,b,b,b,b,b,b,b,b,b,b,b,b,b,b,b,b,b,b
D2,c,c,c,c,c,,c,c,c,c,c,c,c,c,c,c,c,c,c,c,c,c,c,c,c,c,c,c,c,c,b,c,c,c,c,c,c,c,c,c,c,c,c,c,c,c,c,c,c,c,c,c,c,c,c,c,c,c,c,c,c,c,c,c,c,c,c,c,c,c,c,c,c,c,c,c,c,c,c,c
D3,b,b,b,b,b,,b,b,b,b,b,b,b,b,b,b,b,b,b,b,b,b,b,a,b,b,b,b,b,b,b,b,b,b,b,b,b,b,b,b,b,b,b,b,b,b,b,b,b,b,b,b,b,b,b,b,b,b,b,b,b,b,b,b,b,b,b,b,b,b,b,a,b,b,b,b,b,b,b,b
D4,c,c,c,c,c,,c,c,c,c,c,c,c,c,c,b,c,c,c,c,c,c,c,c,c,c,c,c,c,c,b,c,c,c,c,c,c,b,c,c,c,c,c,c,c,c,c,c,c,c,c,c,c,c,c,c,c,c,c,c,c,c,c,c,c,c,c,c,c,c,c,c,c,c,c,c,c,c,c,c
D5,a,a,a,a,a,,a,a,a,a,a,a,a,a,a,b,a,a,a,a,a,a,a,a,a,a,a,a,a,a,a,a,a,a,a,a,a,a,a,a,a,a,a,a,a,a,a,a,a,a,a,a,a,a,a,a,a,a,a,a,a,a,a,a,a,a,a,a,a,a,a,a,a,a,a,a,a,a,a,a
D6,b,b,b,b,b,,b,b,b,b,b,b,b,b,b,a,b,b,b,b,b,b,b,b,b,b,b,b,b,b,b,b,b,b,b,b,b,b,b,b,b,b,b,b,b,b,b,b,b,b,b,b,b,b,b,b,b,b,b,b,b,b,b,b,b,b,b,b,b,b,b,b,b,b,b,b,b,b,b,b
D7,d,d,c,c,d,,d,d,c,d,d,d,d,d,d,d,d,c,c,d,d,d,d,d,d,d,d,d,d,c,d,d,d,d,d,d,d,d,d,d,d,d,d,d,d,d,d,d,d,d,d,d,d,d,d,c,d,c,d,d,d,d,d,d,d,d,d,d,d,d,d,d,d,d,d,d,d,d,d,d
D8,c,c,d,d,c,,c,c,d,c,c,c,c,c,c,c,c,d,a,c,c,c,c,c,c,c,c,c,c,c,c,c,c,c,c,c,c,e,c,c,c,c,c,c,c,c,c,c,c,c,c,c,c,c,c,d,c,d,c,c,c,c,c,c,c,c,c,c,c,c,c,c,d,c,c,c,c,c,c,c
D9,b,b,b,b,b,,b,a,a,b,b,b,b,b,a,a,,b,b,b,b,b,b,b,b,b,b,a,b,a,a,b,b,b,b,b,b,a,b,b,b,b,b,b,b,b,b,b,b,b,b,b,b,b,b,b,b,b,b,,b,b,b,b,b,b,b,b,b,b,a,,b,b,b,b,c,a,b,b
D10,b,b,b,b,b,,b,b,b,b,b,b,b,b,b,b,a,b,b,b,b,b,b,b,b,b,b,b,b,b,b,b,b,b,b,b,b,a,b,b,b,b,b,b,b,b,b,b,b,b,b,b,b,b,b,b,b,b,b,b,b,b,b,b,b,b,b,b,b,a,a,b,b,b,b,b,a,a,b,b
D11,d,d,d,d,d,,d,d,c,d,d,d,d,d,d,d,d,d,d,d,d,d,d,c,d,d,d,d,d,d,b,d,d,d,d,d,d,d,d,b,d,d,d,d,d,d,d,d,d,d,d,d,d,d,d,d,d,d,d,d,d,d,d,d,d,d,d,d,d,d,d,d,d,d,d,c,d,c,d,d
D12,b,b,b,b,b,,b,b,b,b,b,b,b,b,b,a,b,b,b,b,b,b,b,b,b,b,b,b,b,b,b,a,b,b,b,b,a,a,b,b,b,b,b,b,b,b,b,b,b,b,b,b,b,b,b,b,b,b,,b,d,b,b,b,b,b,b,b,b,b,b,b,b,b,b,b,b,b,b,b
D13,b,a,a,b,a,,a,b,a,b,a,a,b,a,a,a,b,b,a,a,a,a,a,b,b,a,a,d,a,b,a,a,a,a,a,b,a,a,b,a,a,a,a,a,a,b,a,a,a,a,b,a,a,a,a,a,a,a,,a,a,a,a,a,a,a,a,a,a,a,a,a,a,a,b,a,a,a,a,a
D14,b,a,a,b,a,,a,b,a,b,a,a,b,a,a,a,b,b,a,a,a,a,a,b,b,a,a,d,a,b,a,a,a,a,a,b,a,a,b,a,a,a,a,a,a,b,a,a,a,a,b,a,a,a,a,a,a,a,,a,a,a,a,a,a,a,a,a,a,a,a,a,a,a,b,a,a,a,a,a
D15,b,a,b,b,b,,a,b,a,b,b,b,b,b,b,a,a,b,b,b,a,a,b,b,b,b,b,d,b,b,a,b,b,b,b,b,a,b,b,a,a,a,b,b,b,b,b,b,b,b,b,b,d,b,b,b,b,b,,b,b,a,b,a,b,b,a,a,a,a,b,a,b,b,b,a,b,b,b,b
DO1,a,,b,a,a,,a,a,a,a,a,a,a,a,a,a,b,a,a,a,a,a,a,b,a,a,a,c,a,a,a,a,a,a,a,a,a,a,b,a,a,a,a,a,a,a,a,a,a,b,a,a,a,a,a,b,a,a,,a,a,a,a,a,a,a,a,a,a,a,a,a,a,a,a,a,a,a,a,a
DO2,b,,c,a,b,,c,a,c,b,b,a,a,b,a,c,a,a,c,a,a,a,a,a,a,a,a,c,a,a,a,a,,a,a,a,a,a,,a,a,a,a,a,c,a,a,a,a,a,a,a,c,a,a,b,a,a,,a,a,c,a,a,a,c,a,a,a,a,a,c,c,a,a,a,a,a,c,b
DO3,,b,a,a,b,,b,b,a,e,b,b,b,b,b,b,a,b,a,b,b,b,a,b,b,b,b,b,b,e,b,b,b,b,b,b,b,b,b,b,b,b,b,b,e,b,b,b,b,,b,b,e,b,b,a,b,a,,b,b,b,b,b,b,b,b,b,b,b,b,b,b,b,b,b,b,b,b,b
DO4,b,a,b,b,b,,b,b,b,c,b,b,a,b,b,b,b,b,b,b,b,b,b,b,b,b,b,b,a,b,b,b,b,b,a,b,b,a,b,b,b,b,b,a,b,a,b,b,b,b,a,b,b,a,b,b,b,b,,b,b,b,b,b,b,b,b,b,b,b,a,b,b,b,b,b,b,b,b,b
DO5,a,b,b,a,a,,b,b,a,c,a,a,a,b,a,b,a,a,a,a,b,a,a,a,a,a,b,a,a,a,b,a,a,b,a,a,b,a,b,a,a,a,a,b,a,b,a,b,a,a,b,a,a,b,b,a,a,a,,b,a,a,b,a,b,a,a,b,a,b,b,b,a,a,a,b,a,b,b,a
DO6,a,a,a,a,a,,a,a,a,a,a,a,a,a,a,a,a,a,a,a,a,a,a,a,a,a,a,a,a,a,a,a,a,a,a,a,a,a,a,a,a,a,a,a,a,a,a,a,a,a,a,a,a,a,a,a,a,b,,a,a,a,a,a,a,a,a,a,a,a,a,a,a,a,a,a,a,b,a,a
DO7,a,b,b,b,a,,b,a,a,b,a,c,b,a,b,a,a,a,b,a,a,b,b,b,b,a,b,b,b,b,a,b,a,a,b,a,a,a,b,b,a,a,a,b,a,a,a,a,a,a,a,a,a,a,a,a,a,a,,a,a,a,a,a,a,b,b,a,a,a,a,a,a,a,a,a,a,b,b,a
DO8,a,b,b,a,b,,b,b,a,b,a,c,b,a,b,a,a,a,b,a,a,b,b,b,b,a,b,b,b,b,a,a,a,a,b,a,a,a,b,b,a,a,a,b,a,a,a,a,a,a,a,a,a,a,a,a,a,a,,a,a,a,a,a,a,a,a,a,a,a,a,a,a,a,a,a,a,b,b,a
DO9,a,a,a,a,a,,a,a,a,e,a,a,a,a,a,a,a,a,a,a,a,a,a,a,a,a,a,a,a,a,a,a,a,a,a,a,a,a,a,a,a,a,a,a,a,a,a,a,a,a,a,a,a,a,a,a,a,a,,a,a,a,a,a,a,a,a,b,a,a,a,a,a,a,a,a,a,a,a,a
DO10,a,a,a,a,a,,a,a,a,c,a,a,a,a,a,a,a,b,a,a,a,a,a,a,a,a,a,a,a,a,a,a,a,a,a,a,a,a,a,a,a,a,a,a,,a,a,a,a,a,a,a,a,a,a,a,b,a,,a,a,a,a,a,a,a,a,a,a,,a,a,a,a,a,a,a,a,b,a
V1,b,b,a,b,b,,b,b,b,b,b,b,b,b,a,b,b,a,b,b,b,a,a,a,b,b,b,a,a,b,a,b,a,b,a,b,b,b,a,b,b,b,b,,b,b,b,b,b,b,a,a,a,b,a,b,a,b,,b,b,b,a,b,b,b,b,a,b,b,b,b,a,b,b,b,b,b,b,a
V2,a,a,a,a,a,,a,a,a,c,b,c,c,a,a,a,a,a,c,a,a,a,a,a,a,a,a,a,a,a,b,a,b,a,a,a,a,b,a,a,a,a,a,a,a,a,a,a,b,a,a,b,a,a,a,a,a,a,,a,b,a,a,a,a,a,a,a,a,a,a,a,a,a,a,a,a,a,a,a
V3,a,b,a,a,a,,a,a,a,a,a,a,a,a,a,a,b,b,a,a,a,a,a,a,b,b,a,a,a,a,a,b,a,a,a,a,a,a,a,a,a,a,a,a,a,a,a,a,b,a,a,b,a,b,a,a,a,a,,a,b,a,a,a,a,a,a,a,a,a,a,a,a,a,a,a,a,b,a,a
V4,a,a,a,a,a,,c,a,a,c,a,a,a,a,a,a,a,c,c,a,a,c,a,a,a,a,a,c,a,c,a,a,a,b,a,a,a,b,a,a,a,a,a,,a,a,a,a,a,a,a,a,a,a,a,a,a,a,,a,a,a,a,a,a,a,a,a,a,a,a,a,a,a,a,a,a,a,a,a
V5,a,a,a,a,a,,a,a,a,a,a,a,b,a,a,a,a,a,a,a,a,a,a,a,a,a,a,b,a,a,a,a,a,a,a,a,a,b,a,a,a,a,a,a,a,a,a,a,a,a,a,a,a,a,a,a,a,a,,a,a,a,a,a,a,a,a,a,a,a,a,a,a,a,a,a,a,a,a,a
V6,b,b,b,b,b,,b,b,b,b,b,b,b,a,b,b,a,b,b,b,b,a,b,b,b,b,b,b,b,b,a,b,b,b,b,b,b,b,,b,b,b,b,b,b,b,b,b,b,b,b,b,b,b,b,b,b,b,,b,b,b,b,b,b,b,b,b,b,b,b,b,b,b,b,b,b,b,b,b
V7,a,b,b,b,b,,b,b,b,a,b,b,b,b,b,b,b,b,b,b,b,a,a,a,b,b,b,b,b,a,a,a,b,b,b,b,b,b,,b,b,b,b,,b,b,b,b,b,b,b,b,b,b,b,b,b,b,,b,b,b,b,b,b,b,b,b,b,b,b,b,b,b,b,b,b,b,b,b
V8,b,b,a,a,b,,b,a,a,a,b,b,b,a,a,a,b,b,b,a,b,b,b,a,b,b,b,b,b,a,a,a,b,a,a,b,,a,b,a,b,b,b,b,b,b,b,b,a,b,b,b,b,b,a,b,b,b,,c,b,b,a,b,b,b,a,a,b,a,b,b,b,b,b,b,a,b,b,b
V9,a,a,a,b,a,,a,a,a,a,a,a,b,a,a,a,a,a,a,a,a,a,b,a,a,b,a,a,a,a,a,a,a,a,a,a,a,a,a,a,a,a,a,a,a,a,a,a,a,a,a,a,a,a,a,b,a,a,,a,a,a,a,a,a,a,b,a,a,a,a,a,b,a,a,a,a,a,a,a
V10,b,b,b,a,a,,b,b,a,a,a,a,b,a,a,a,a,a,b,a,a,b,a,b,a,a,a,a,a,a,b,b,a,a,a,a,a,c,a,a,b,a,a,a,a,a,b,a,b,b,a,a,a,a,a,a,a,a,,a,a,b,a,a,a,a,a,a,a,a,a,a,a,a,a,a,a,a,a,a
VD1,b,b,b,b,b,,b,b,a,b,b,b,b,b,a,a,a,b,b,b,b,b,b,b,b,a,a,c,a,b,a,b,a,a,a,a,a,b,a,b,a,b,a,a,a,a,a,a,b,b,b,a,b,b,b,b,a,b,,b,b,b,b,a,b,b,a,b,a,a,a,a,b,a,a,a,a,b,a,a
VD2,a,a,a,a,a,,a,a,a,a,a,a,a,a,a,a,a,a,a,a,a,a,a,a,a,a,a,a,a,a,a,a,a,a,a,a,a,a,,a,a,a,a,a,a,a,a,a,a,a,a,a,a,a,a,a,a,a,,a,a,a,a,a,a,a,a,a,a,a,a,a,a,a,a,a,a,a,a,a
VD3,a,a,a,a,a,,a,a,a,a,a,a,a,a,a,a,a,a,a,a,a,a,a,a,a,a,a,a,a,a,b,a,a,a,a,a,a,a,,a,a,a,a,a,a,a,a,a,a,a,a,a,a,a,a,a,a,a,a,a,a,a,a,a,a,a,a,a,a,a,a,a,a,a,a,a,a,a,a,a
VD4,a,a,a,a,a,,a,a,a,a,a,b,a,a,a,a,a,b,a,a,a,a,a,a,a,a,a,a,a,a,a,a,a,a,a,b,b,a,,a,a,a,a,a,a,a,a,a,a,a,a,a,a,a,a,a,a,a,a,a,a,a,a,b,a,a,a,b,a,a,b,a,a,a,a,a,a,b,a,a
VD5,a,a,a,a,a,,a,b,a,a,a,b,c,a,a,a,a,a,a,a,a,b,a,a,a,a,b,b,a,a,a,a,a,a,a,a,a,a,,a,a,a,,,b,a,a,a,a,a,a,a,a,b,a,a,a,a,a,a,a,a,a,a,a,a,a,b,a,a,a,a,a,a,a,a,a,a,a,a
VD6,b,b,b,b,b,,b,a,b,d,d,b,b,b,b,b,d,d,b,a,b,b,b,b,b,b,b,b,b,c,b,c,b,b,b,b,b,b,,b,b,b,b,,b,b,b,b,d,b,b,b,b,b,b,b,b,b,b,b,b,b,b,b,b,b,b,b,c,b,b,b,b,b,b,a,b,b,c,a
VD7,a,a,a,a,a,,a,a,a,a,a,a,a,a,a,a,a,b,a,a,a,a,a,a,a,a,a,a,a,a,a,a,a,a,a,a,a,a,,a,a,a,a,,a,a,a,a,a,a,a,a,a,a,a,a,a,a,a,a,a,a,a,a,a,a,,a,a,a,a,a,a,a,,a,a,a,a,a
I1,b,b,a,b,b,,b,b,a,c,a,b,c,b,b,b,b,a,b,a,a,a,b,a,b,b,b,b,b,b,a,a,b,b,a,b,b,b,a,a,b,b,b,b,b,b,b,b,a,b,b,b,b,b,b,a,b,b,b,a,a,b,a,b,b,b,b,b,a,b,a,b,b,b,b,b,b,b,b,b
I2,b,b,b,b,b,,b,b,b,a,b,b,b,b,b,b,a,b,b,b,a,a,a,a,b,a,a,a,b,b,a,b,b,b,b,b,b,b,b,b,b,b,b,a,b,b,b,b,b,b,b,b,b,b,b,b,b,b,b,b,b,b,b,b,b,b,b,b,b,b,b,b,b,b,b,b,b,b,b,b
I3,a,a,a,a,b,,a,a,a,a,a,a,b,a,a,b,a,a,a,a,a,a,b,a,a,b,a,a,a,b,a,a,a,a,a,a,a,a,a,a,a,a,a,a,a,a,a,a,a,a,a,a,b,b,a,a,a,b,a,c,a,a,a,a,a,a,a,a,a,a,a,a,a,a,a,a,a,a,a,a
I4,b,b,b,b,b,,b,b,b,c,b,b,b,b,b,b,a,a,b,b,b,b,b,a,b,b,b,a,b,a,b,a,b,b,b,b,b,b,a,a,b,b,b,b,b,b,b,b,b,b,b,b,b,b,b,b,b,b,b,a,b,b,b,b,b,b,b,b,b,b,b,b,b,b,b,b,b,b,b,b
I5,a,a,a,a,a,,a,a,a,a,a,a,a,a,a,a,a,b,a,a,a,a,a,a,a,a,a,b,a,a,b,a,a,a,a,a,a,a,a,a,a,a,a,,a,a,a,a,a,a,a,a,a,a,a,a,c,b,a,b,a,c,a,a,a,a,a,a,a,a,a,a,a,a,a,a,,a,a,b
I6,b,b,c,b,b,,b,b,b,c,a,a,b,b,,c,b,a,b,a,b,b,b,b,b,b,b,a,b,b,a,b,b,b,a,b,b,a,b,b,b,b,b,b,b,b,b,b,a,b,b,b,b,b,b,b,a,b,b,b,a,b,b,b,b,b,b,b,b,b,b,b,b,b,b,b,b,b,b,b
I7,b,b,b,b,b,,b,b,b,c,b,b,b,b,b,c,a,a,b,b,b,b,b,c,b,b,b,a,b,a,a,a,b,b,b,b,b,a,b,b,b,b,b,,b,b,b,b,b,b,b,b,b,b,b,a,b,b,b,b,b,b,b,b,b,b,b,b,b,b,b,b,b,b,b,b,a,b,b,b
I8,b,a,a,a,a,,a,a,a,a,a,a,b,a,a,a,b,a,a,a,a,a,a,a,a,a,b,b,c,a,b,b,a,a,a,a,a,a,a,a,a,a,a,,a,a,a,a,a,a,a,a,a,a,b,a,a,a,a,a,a,a,a,a,a,a,a,a,a,a,a,a,a,a,a,a,b,a,a,a
I9,a,a,a,a,a,,a,a,a,a,a,a,a,a,a,a,a,b,a,a,a,a,a,a,a,a,a,a,a,a,a,b,a,a,a,a,a,b,a,a,a,a,a,,a,a,a,a,a,a,a,a,a,a,a,a,a,a,a,a,a,a,a,a,a,a,,a,a,a,a,a,a,a,a,a,a,a,a,a
UD1,b,b,b,b,b,,b,b,b,b,b,b,b,b,b,a,a,a,b,a,b,b,b,b,b,b,b,c,b,b,b,b,b,b,,b,b,b,a,b,b,b,b,,b,b,b,b,b,b,b,b,a,b,b,b,b,b,b,b,b,b,b,b,b,b,b,b,b,b,b,b,b,b,b,b,b,b,a,b
PD1,b,b,b,b,a,,b,a,b,a,b,b,c,b,a,b,a,a,a,b,b,a,b,a,b,a,a,a,b,a,a,a,b,b,a,b,b,b,a,b,b,b,b,,b,a,a,b,b,b,,a,a,b,b,a,b,b,b,b,b,a,b,b,b,b,b,b,b,a,b,b,b,b,b,b,b,b,b,b
PD2,b,b,b,b,a,,b,a,b,b,b,b,c,b,a,b,b,a,a,b,b,a,a,c,b,a,b,b,b,a,a,b,b,b,a,b,b,a,b,b,b,b,b,,c,a,b,b,b,b,,b,a,b,b,a,b,b,a,a,b,b,a,b,b,b,a,b,b,b,b,b,b,,b,b,b,a,b,b
K1,a,a,c,a,c,,c,a,a,a,a,c,c,b,a,b,a,a,c,a,c,c,c,c,c,a,a,a,c,c,a,a,c,a,c,a,a,c,a,a,a,a,c,a,a,a,a,a,a,b,a,a,a,a,a,b,a,a,a,a,a,a,a,a,a,a,a,a,a,a,b,a,a,a,a,a,a,a,a,a
K2,b,b,a,a,a,,b,a,b,a,b,b,b,b,a,a,b,b,b,a,b,a,a,c,a,b,a,a,b,a,a,a,b,b,b,a,b,a,a,b,b,b,b,,b,b,b,b,b,a,a,b,b,b,b,b,b,b,b,b,a,b,b,b,b,b,b,b,b,b,b,b,b,b,b,b,b,b,b,b
K3,a,a,a,a,a,,a,a,a,a,a,a,a,a,b,a,b,a,a,a,a,a,a,c,a,a,a,b,a,a,a,b,a,a,a,a,a,a,b,a,a,a,a,,a,a,a,a,a,b,a,a,a,a,a,a,a,a,a,a,a,a,a,a,b,a,a,a,a,a,a,a,a,a,a,a,a,a,a,b
K4,b,b,b,b,c,,b,b,b,a,b,b,b,b,b,b,a,a,b,b,b,a,b,a,b,b,b,c,b,b,a,b,b,b,b,b,b,b,b,b,b,b,b,,b,b,b,b,b,b,,b,b,b,b,b,b,b,b,b,b,b,b,b,b,b,b,a,b,b,b,b,b,b,b,b,b,b,b,b
ST1,a,a,a,a,a,,a,a,a,a,a,a,a,a,a,a,a,e,a,a,a,a,a,a,a,a,a,a,a,e,b,a,a,a,a,a,a,f,e,a,a,a,a,,a,a,a,a,e,a,d,a,e,a,a,a,a,e,a,a,e,a,a,a,a,a,a,a,a,a,e,a,d,a,a,a,a,d,a,a
ST2,c,,e,c,c,,e,e,c,c,c,c,,c,e,b,e,e,c,c,c,c,c,a,c,c,c,c,c,e,b,e,b,c,c,e,b,e,c,c,c,c,c,,e,c,c,f,c,e,c,c,e,b,c,a,c,c,e,c,c,c,c,c,c,c,c,c,c,e,a,c,c,c,c,c,f,c,c,b
ST3,b,b,b,b,b,,b,b,b,b,b,b,b,b,b,b,b,b,b,b,b,b,b,b,b,b,b,b,b,b,a,b,b,b,b,b,b,b,b,b,b,b,b,b,b,b,b,b,b,b,b,b,b,b,b,b,b,b,b,b,b,b,b,b,b,b,b,b,b,b,b,b,b,b,b,b,b,b,b,b
ST4,a,,a,a,a,,a,,a,b,b,a,a,a,a,a,,a,a,a,b,a,a,b,b,a,a,a,a,a,a,a,a,a,a,a,a,a,a,b,a,b,b,,a,a,a,a,a,a,a,a,a,a,a,a,a,a,a,a,a,a,a,b,a,a,a,a,a,a,a,a,a,a,a,a,a,a,a,a
ST5,a,a,a,a,a,,a,a,a,b,a,a,a,a,a,a,a,a,b,a,a,a,a,a,b,a,a,a,a,a,a,a,a,a,a,a,a,b,b,a,a,a,a,a,a,a,a,a,a,a,b,a,a,a,a,a,a,a,a,a,a,a,a,a,a,a,a,a,a,a,a,a,a,a,,a,a,b,a,a
ST6,b,a,b,b,b,,a,b,b,a,b,b,b,a,a,b,b,b,b,b,b,b,b,b,c,b,b,b,a,b,a,b,b,b,b,a,b,a,b,b,b,b,b,a,a,a,b,b,b,b,b,b,b,b,b,b,b,b,b,b,a,b,b,b,b,b,b,a,b,b,a,b,c,b,a,b,b,b,b,b
E1,a,a,a,a,a,,a,a,a,c,b,a,,a,a,a,b,a,a,a,a,a,a,a,a,a,a,b,a,a,a,a,a,a,a,a,b,b,a,a,a,a,a,,a,a,b,a,a,a,a,c,a,a,a,a,a,a,a,a,a,a,a,a,a,a,a,a,a,a,a,a,a,a,a,a,a,a,a,a
E2,a,a,a,a,a,,a,b,a,a,a,a,,a,a,a,b,b,a,a,a,a,a,a,b,a,a,a,a,a,a,a,a,a,a,a,a,a,,a,a,a,a,,a,a,a,a,a,a,a,a,a,a,a,a,b,a,a,a,a,a,a,a,a,a,a,a,a,a,a,a,a,a,a,a,a,a,a,a
E3,d,d,d,d,d,,d,b,d,d,d,d,,d,d,b,b,e,d,d,d,d,d,,d,d,d,d,d,d,e,d,d,d,d,d,d,d,d,d,d,d,d,,d,d,d,d,d,d,d,d,d,d,d,d,d,d,d,d,d,d,d,d,d,e,d,d,d,d,d,d,d,e,d,d,d,d,d,d
E4,b,b,b,b,b,,b,a,b,b,b,b,,b,b,b,b,b,b,b,b,b,b,,b,b,b,b,b,b,e,b,b,b,b,b,b,b,b,b,b,b,b,,b,b,b,b,b,b,b,b,b,b,b,b,b,b,b,b,b,b,b,b,b,b,b,b,b,b,b,b,e,b,b,b,b,b,b,b
E5,b,a,a,a,a,,b,a,a,b,b,a,b,a,a,a,b,b,b,a,a,a,b,,b,b,a,b,a,b,b,b,a,a,a,a,a,a,b,b,a,a,a,,a,a,a,a,a,b,b,a,b,a,a,a,a,b,a,,a,b,a,a,a,a,,a,a,a,a,,a,a,b,,a,a,a,a
E6,a,b,b,c,c,,a,d,,b,d,d,c,d,b,d,c,a,b,c,b,b,b,,d,d,b,d,b,a,c,d,b,d,a,b,d,c,b,d,d,d,d,,d,b,b,d,d,b,b,b,b,b,d,d,d,d,b,d,d,d,d,d,d,d,b,d,b,d,b,b,b,b,b,b,d,d,d,c
E7,c,c,c,c,c,,c,b,c,c,c,c,c,c,c,c,c,b,c,c,c,c,c,,c,c,c,c,c,c,c,c,c,c,c,c,c,b,c,c,c,c,c,,c,c,c,c,c,c,c,c,c,c,c,c,c,c,c,c,c,c,c,c,c,c,c,c,c,c,c,c,c,c,c,c,c,c,c,c
E8,c,c,c,c,c,,c,c,c,c,c,c,c,c,c,c,c,b,c,c,c,c,c,,c,c,c,c,c,c,c,c,c,c,c,c,c,c,,c,c,c,c,,c,c,c,c,c,c,c,c,c,c,c,c,b,c,c,c,c,c,c,c,c,b,c,c,c,c,c,c,c,c,c,c,c,c,c,c
E9,b,b,c,c,c,,c,b,c,b,b,a,,b,c,c,c,a,c,b,b,,c,,c,c,a,b,c,d,c,a,b,c,d,b,c,c,,c,c,b,c,,b,a,b,c,c,a,d,b,b,b,c,c,d,d,a,d,a,c,b,c,c,b,b,c,c,b,c,b,a,c,b,c,c,b,c,a
E10,b,b,c,b,b,,b,c,b,b,a,b,,b,b,b,b,b,b,b,a,,c,,b,b,c,b,b,b,b,b,b,b,c,a,c,b,,b,b,b,b,,b,b,a,b,b,b,b,b,b,c,b,b,b,c,b,b,b,b,b,b,b,b,b,b,b,b,a,b,a,b,b,b,b,b,b,a
O1,a,a,a,a,a,,a,a,a,a,a,a,a,a,a,b,a,a,a,a,a,,a,,a,a,a,a,a,a,a,a,a,a,a,a,a,a,,a,a,a,a,,a,a,a,a,a,a,a,a,a,a,a,a,a,a,a,a,a,a,a,a,a,a,a,a,a,a,a,a,a,a,a,a,a,a,a,a
O2,a,a,a,a,a,,a,a,a,a,a,a,a,a,a,a,a,a,a,a,a,,a,,a,a,a,a,a,a,a,a,a,a,a,a,a,a,,a,a,a,a,,a,a,a,a,a,a,a,a,a,a,a,a,a,a,a,a,a,a,a,a,a,a,a,a,a,a,a,a,a,a,a,a,a,a,a,a
O3,a,a,a,a,a,,a,a,a,a,a,a,,a,a,a,b,a,a,a,a,,a,,a,a,a,b,a,a,b,a,a,a,a,a,a,b,,b,a,a,a,,a,a,a,a,a,a,a,a,a,a,a,a,c,a,a,a,a,a,a,a,a,a,a,a,a,a,a,a,a,a,a,a,a,a,a,a
O4,b,a,a,a,a,,a,a,a,a,a,a,a,a,a,a,a,b,a,a,a,,a,,a,a,a,a,a,a,a,a,a,a,a,a,a,a,,a,a,a,a,,a,a,a,a,a,a,a,a,a,a,a,a,a,a,a,a,a,c,a,a,a,a,a,a,a,a,a,,b,a,a,a,a,a,a,a
O5,b,b,a,a,a,,a,a,b,a,b,a,b,b,a,b,b,a,a,a,b,,b,,a,b,a,b,a,a,a,b,b,b,b,b,b,a,,a,b,b,a,,a,b,b,a,a,b,a,b,a,b,a,b,b,b,a,b,a,b,a,a,a,a,b,b,b,b,a,a,b,a,b,b,a,b,a,a
AO1,b,b,a,b,b,,b,b,b,b,b,b,b,b,b,b,a,b,b,b,b,,b,,b,b,b,b,b,b,a,b,b,b,b,b,b,b,,b,b,b,b,,b,a,b,b,b,b,a,b,b,b,b,b,b,b,b,b,b,b,b,b,b,b,b,b,b,b,b,b,b,b,b,b,b,b,b,b
AO2,a,b,a,a,a,,a,a,a,a,a,a,a,b,a,a,b,b,a,b,a,,a,,a,a,a,a,a,a,b,b,a,b,a,b,b,a,,a,a,b,a,,a,a,a,a,b,a,a,a,a,a,b,a,a,a,a,a,b,a,a,a,a,a,b,a,a,a,a,a,a,a,a,a,a,a,a,a
AO3,b,b,b,b,b,,b,b,b,b,a,b,b,b,b,a,a,b,b,b,b,,b,,b,b,b,b,b,b,b,b,a,b,b,a,b,b,,b,b,b,b,,b,b,b,,b,b,b,b,b,b,b,b,b,b,b,b,b,b,b,b,b,b,b,b,b,b,b,b,b,a,b,b,b,b,b,b
AO4,a,b,b,b,b,,a,b,a,a,b,c,a,a,a,b,a,b,b,b,a,,a,,a,a,a,b,a,b,a,b,b,a,b,b,a,b,,a,a,a,a,,b,a,a,a,a,b,b,b,b,a,a,a,b,a,b,c,a,b,a,a,a,a,a,a,b,a,a,b,c,a,a,a,b,a,b,b
AO5,a,a,a,a,a,,a,a,a,a,a,a,,a,a,a,b,a,a,a,a,,a,,a,a,a,a,a,a,a,a,a,a,a,a,a,a,,a,a,a,a,,a,a,a,a,a,a,a,a,a,a,a,a,a,a,a,a,a,a,a,a,a,a,,a,a,a,a,a,a,a,a,a,a,a,a,a
AO6,a,b,b,b,b,,b,b,b,b,b,b,,b,a,b,b,a,b,b,b,,b,,b,b,b,b,b,b,b,b,b,b,b,b,a,b,,b,b,b,b,,b,b,b,b,b,b,,b,b,b,b,b,b,b,b,b,b,b,b,b,b,b,b,b,b,b,b,b,b,b,b,b,b,b,b,b
AO7,b,b,b,b,b,,b,b,b,b,b,b,,b,b,b,a,a,b,b,b,,b,,b,b,b,b,b,b,a,b,b,b,a,b,a,b,,b,b,b,b,,b,b,b,b,b,b,b,b,b,b,b,b,b,b,b,a,a,b,b,b,b,b,b,b,b,b,a,b,b,b,b,a,b,b,b,b
AE1,b,b,a,a,a,,a,a,b,a,a,b,b,b,a,a,b,a,a,a,b,,a,,a,a,a,a,a,b,a,a,b,a,b,a,b,b,,a,b,b,a,,a,b,b,a,a,a,,b,b,b,a,b,b,a,b,b,b,a,b,a,a,a,b,,b,b,a,b,b,a,b,b,a,b,b,a
AE2,b,b,b,b,b,,b,b,b,b,b,b,b,b,b,b,b,b,b,b,b,,b,,b,b,b,b,b,b,a,b,b,b,b,b,b,b,,b,b,b,b,,b,b,b,b,b,b,b,b,a,b,b,b,b,b,b,b,b,b,b,b,b,b,b,b,b,b,b,b,b,b,b,b,b,b,b,b
AE3,c,c,c,c,c,,c,c,c,c,c,c,b,c,c,d,c,c,c,c,c,,c,,c,c,c,c,c,c,a,c,c,c,c,a,c,c,,c,c,c,c,,c,c,c,c,c,a,c,c,c,c,c,c,a,c,c,c,c,c,c,c,c,c,c,c,c,c,c,c,c,c,c,c,c,c,c,c
AE4,a,a,a,a,a,,a,a,a,b,a,a,,a,a,a,a,c,a,a,a,,a,,a,a,a,a,a,a,c,b,a,a,a,a,a,a,,a,a,a,a,,a,a,a,a,a,a,a,a,a,a,a,a,a,a,a,a,a,a,a,a,a,a,a,a,a,a,a,a,a,a,a,a,a,a,a,b
AE5,e,a,a,e,e,,d,,e,e,c,e,a,a,e,a,a,a,e,e,e,,a,,f,e,e,e,e,a,b,e,e,a,a,b,e,e,,a,e,e,e,,e,e,a,e,e,a,f,a,e,e,e,e,e,a,e,c,e,a,e,e,e,a,e,e,b,e,e,a,e,b,e,e,e,e,e,a
AE6,b,b,a,b,b,,b,b,b,b,b,b,b,b,b,d,b,b,b,b,b,,b,,b,b,b,b,a,b,b,b,b,b,b,b,b,a,,b,b,b,b,,b,b,b,b,b,b,b,b,a,b,b,b,b,b,b,b,b,b,b,b,b,a,b,b,b,b,b,b,b,b,b,b,b,b,d,b
AE7,b,a,b,b,b,,b,b,a,b,b,b,b,b,b,c,b,b,b,a,b,,b,,b,b,a,b,b,a,a,b,b,b,b,a,b,b,,b,b,b,b,,b,a,b,b,b,b,b,b,b,b,b,b,b,b,b,b,b,b,b,b,b,a,b,b,b,b,a,a,b,b,b,b,a,a,a,a
AE8,c,c,c,a,a,,a,a,a,a,a,a,,a,a,c,a,c,a,a,a,,a,,a,a,a,a,a,a,a,a,a,a,a,a,a,a,,a,a,a,c,,a,a,a,a,a,a,a,a,a,b,a,a,a,a,a,a,c,a,a,a,a,a,a,a,a,a,a,a,a,a,a,a,a,a,a,a
AE9,c,c,c,c,c,,c,b,c,c,c,c,,c,c,d,c,c,c,c,c,,c,,c,c,c,,c,c,a,c,c,b,c,c,c,d,,c,c,c,c,,,c,c,c,c,c,c,c,d,c,c,c,c,c,d,c,c,c,c,c,c,c,c,c,c,c,c,c,c,c,c,c,c,c,d,c
AE10,b,a,a,,b,,c,a,b,d,c,b,,a,b,b,a,c,a,b,b,,b,,a,b,b,b,b,,b,b,b,b,b,b,a,a,,b,b,b,b,,b,b,b,b,b,c,b,b,c,b,b,b,c,b,b,b,b,c,b,b,b,b,b,a,b,a,b,c,b,b,b,a,a,b,b,b
RO1,b,b,b,b,b,,b,b,b,b,b,b,b,b,a,b,a,a,b,b,b,,b,,b,b,b,b,b,b,a,b,b,b,b,b,b,b,,b,b,b,b,,b,b,b,b,b,b,b,b,a,b,b,b,b,b,b,b,b,b,b,b,b,b,b,b,b,b,b,b,b,b,b,b,b,b,b,b
RO2,b,b,b,b,b,,b,a,b,a,b,b,b,b,b,b,b,a,b,b,b,,b,,b,b,b,b,b,b,a,b,b,b,b,b,b,b,,b,b,b,b,,b,b,b,b,b,b,a,b,a,b,b,b,b,b,b,b,b,b,b,b,b,b,b,b,b,b,b,b,b,b,b,b,b,b,b,b
RO3,a,a,a,a,a,,a,b,a,a,a,a,a,a,a,a,a,a,a,a,a,,a,,a,a,a,a,a,a,b,a,a,a,a,a,a,a,,a,a,a,a,,a,a,a,a,a,b,a,a,a,a,b,a,a,a,a,a,a,a,a,a,a,a,a,a,a,a,a,a,a,a,a,a,a,a,a,a
RO4,b,b,b,b,b,,b,a,b,a,b,b,b,b,b,a,a,a,b,a,b,,a,,b,b,b,a,b,a,a,a,b,b,b,b,b,b,,b,b,b,b,,b,b,b,b,b,b,b,b,a,b,a,b,c,b,b,b,b,a,b,b,b,b,b,b,b,b,b,a,b,a,b,b,b,a,b,a
RO5,b,b,b,a,a,,b,b,b,b,b,b,b,b,b,b,b,b,b,b,b,,b,,b,b,b,b,b,b,a,b,b,b,b,b,b,b,,b,b,b,b,,b,b,b,b,b,b,b,b,b,b,b,b,b,b,b,b,b,b,b,b,b,a,b,b,b,b,b,b,b,b,b,b,b,b,b,b
RO6,a,a,a,a,a,,a,b,a,a,a,a,a,a,a,a,a,a,a,a,a,,a,,a,a,a,a,a,c,a,b,a,a,a,a,b,b,,a,a,a,a,,b,b,a,a,a,b,b,a,b,b,a,b,a,b,a,a,a,a,a,a,a,a,a,a,a,a,a,a,a,a,a,a,a,b,a,a
RO7,b,b,d,d,d,,d,d,d,d,b,b,,b,b,a,b,b,a,d,b,,d,,d,b,b,d,d,b,a,d,b,b,b,d,d,d,,b,b,b,b,,b,d,d,d,b,b,c,b,b,b,d,b,b,b,b,d,b,b,b,d,b,b,d,b,b,b,a,b,d,d,,b,b,d,b,b
RE1,a,b,b,b,b,,b,a,a,,b,b,,b,b,b,b,c,a,b,b,,b,,b,b,b,b,b,b,b,d,b,b,b,b,a,a,,b,a,b,b,,b,a,a,b,b,a,b,c,b,b,b,b,b,a,b,b,b,b,b,b,b,b,b,b,a,b,b,b,b,b,b,b,b,b,b,b
RE2,b,a,b,a,a,,a,c,a,a,a,a,a,a,a,a,b,c,a,b,a,,b,,a,a,a,a,b,b,c,a,b,a,b,a,b,a,,a,a,a,a,,a,a,a,a,b,a,b,a,c,a,a,a,a,a,a,a,a,a,a,a,a,a,,a,c,a,b,a,a,a,a,a,a,a,a,a
RE3,b,a,b,b,b,,,b,a,a,a,a,b,b,a,a,b,a,a,b,b,,b,,a,a,a,a,a,a,,b,a,a,a,b,b,a,,b,a,b,b,,b,a,b,a,a,b,b,a,b,a,b,a,a,a,b,a,b,c,a,a,a,a,a,b,a,a,a,a,c,a,a,a,a,a,b,b
RE4,a,a,a,a,a,,c,a,a,c,a,a,a,a,a,c,a,a,b,a,a,,a,,a,a,a,a,a,c,b,a,a,a,a,a,a,a,,a,b,a,a,,a,a,a,a,a,a,a,a,a,a,a,a,a,a,a,a,a,a,a,a,a,a,a,a,a,a,b,a,a,a,c,a,a,a,b,a
RE5,b,b,b,a,a,,b,b,b,a,b,b,b,b,b,b,a,a,b,b,b,,b,,b,b,b,b,b,b,a,b,b,b,b,b,a,b,,b,b,b,b,,b,b,b,b,b,b,b,b,a,b,b,b,b,b,b,b,b,b,b,b,b,b,b,b,b,b,b,b,b,b,b,b,b,b,b,b
LO1,b,b,b,b,b,,b,a,b,b,b,b,,b,b,b,b,a,b,b,b,,b,,b,b,b,b,b,a,a,b,b,b,b,b,b,b,,b,b,b,a,,b,b,b,b,b,b,b,b,b,b,b,b,b,b,b,b,b,b,b,b,b,b,b,b,b,b,b,a,b,b,b,b,b,b,b,b
LO2,b,b,b,b,b,,a,a,b,b,b,b,,b,b,b,b,b,b,b,b,,b,,b,b,b,b,a,a,a,b,b,b,b,b,a,b,,b,b,b,b,,b,b,b,b,b,b,a,b,b,b,b,b,b,b,b,b,b,b,b,b,b,b,b,b,b,b,b,b,b,b,b,b,b,b,b,b
LO3,c,a,a,c,a,,c,a,c,c,a,c,c,a,a,c,a,c,c,c,a,,c,,c,a,a,c,c,b,b,c,a,a,c,c,a,c,,a,a,a,a,,a,a,a,a,a,a,a,a,a,a,c,a,c,a,a,c,a,c,a,a,a,a,a,a,a,a,c,c,a,a,a,a,a,c,a,a
LO4,c,b,b,b,b,,b,b,b,b,c,b,c,b,b,a,b,c,b,c,b,,b,,b,c,b,b,c,b,b,b,b,b,c,b,b,c,,b,c,b,b,,b,b,b,b,b,b,b,b,b,b,c,b,c,b,b,c,b,c,b,b,b,b,b,b,b,b,b,c,b,c,b,b,b,b,b,c
LO5,a,a,a,a,a,,a,a,a,a,a,a,,a,a,a,c,a,d,a,a,,a,,a,a,a,a,a,d,c,a,a,a,a,a,a,a,,a,a,a,a,,a,a,a,a,a,a,a,a,a,a,a,a,a,a,a,a,a,a,a,a,,a,a,c,a,a,b,a,a,a,a,a,a,a,a,a
LO6,b,b,b,b,,,d,e,d,d,b,b,,b,d,d,d,d,a,e,b,,b,,b,b,b,b,d,e,b,d,b,b,b,b,b,e,,b,d,b,b,,b,d,d,d,d,d,d,d,d,b,d,d,b,b,b,d,b,d,d,d,b,b,d,b,d,b,a,b,b,d,b,b,d,d,b,b
LE1,a,a,a,a,a,,a,b,a,a,a,a,a,a,a,a,a,a,a,a,a,,a,,a,a,a,a,a,b,a,a,a,a,a,b,a,a,,a,a,a,a,,a,a,a,a,a,a,a,a,a,a,a,a,a,a,a,a,a,a,a,a,a,a,a,a,a,a,a,a,a,a,a,a,a,b,a,a
LE2,b,b,b,b,b,,b,a,b,b,b,b,b,b,b,b,a,b,b,b,b,,b,,b,b,b,b,b,b,b,b,b,b,b,b,b,b,,b,b,b,b,,b,b,b,b,b,b,b,b,b,a,b,b,b,b,b,b,b,b,b,b,b,b,b,b,b,b,b,b,b,b,b,b,b,b,b,b
LE3,a,c,c,a,c,,a,a,a,a,a,c,,c,c,c,c,a,a,a,c,,a,,c,b,a,a,c,a,c,c,c,c,a,c,a,a,,c,c,a,c,,c,c,a,c,c,a,b,c,c,a,a,a,c,a,a,c,c,c,b,c,c,c,c,c,c,c,c,c,a,c,a,c,a,c,c,c
LE4,a,a,a,a,a,,a,a,a,a,a,a,a,a,a,a,a,a,a,a,a,,a,,a,a,a,a,a,a,a,a,a,a,a,a,a,a,,a,a,a,a,,a,a,a,a,a,a,a,a,a,a,a,a,a,a,a,a,a,a,a,a,a,a,a,a,a,a,a,a,a,a,a,a,a,a,a,a
LE5,b,b,b,b,b,,b,b,b,b,b,b,b,b,b,b,a,b,b,b,b,,b,,b,b,b,b,b,b,b,b,b,b,a,b,b,b,,b,b,b,b,,b,b,b,b,b,b,a,b,b,b,a,b,b,b,b,b,b,b,b,b,b,b,b,b,b,b,b,b,b,b,b,b,b,b,b,b
ASO1,a,a,a,a,a,,a,a,a,a,b,a,a,a,a,a,a,a,a,a,a,,a,,a,a,a,,a,a,a,a,a,a,a,a,a,a,,a,a,a,a,,a,a,a,a,a,a,a,a,a,a,a,a,a,a,a,a,a,a,b,a,a,a,a,a,b,a,a,a,a,b,a,a,a,a,a,a
ASO2,a,b,a,a,a,,b,a,a,a,a,a,a,a,a,a,a,a,a,a,a,,a,,a,a,a,a,a,a,b,a,a,a,a,a,a,a,,a,a,a,a,,a,b,b,a,a,a,a,a,a,a,a,b,a,a,a,a,a,a,a,a,a,a,b,a,b,a,a,a,a,a,a,a,a,b,a,a
ASO3,b,b,b,b,b,,b,b,b,b,b,b,b,b,b,b,a,a,b,b,b,,b,,b,b,b,a,b,b,b,b,b,b,b,b,b,b,,b,,b,b,,b,b,b,b,b,b,b,b,b,b,b,b,b,b,b,b,b,b,b,b,b,b,b,b,b,b,b,b,b,b,b,b,b,b,b,b
ASO4,b,b,a,b,b,,b,a,b,b,b,b,,b,b,a,a,a,a,b,b,,a,,b,b,b,b,b,b,a,a,b,b,b,b,b,b,,b,b,b,b,,b,b,b,b,b,b,b,b,b,b,a,b,b,b,b,b,b,b,b,b,b,b,b,b,b,b,b,b,b,b,b,b,b,b,b,b
ASO5,a,a,a,a,a,,a,a,a,a,a,a,a,a,a,a,a,a,a,a,a,,a,,a,a,a,a,a,a,a,a,a,a,a,a,a,a,,b,a,a,a,,a,a,a,a,a,a,a,a,a,a,a,a,a,a,a,a,a,a,a,a,a,a,a,a,a,a,a,a,a,a,a,a,a,a,a,a
ASE1,a,a,a,a,a,,a,a,a,a,a,a,a,a,a,a,a,a,a,a,c,,a,,a,a,a,a,a,a,c,a,a,a,a,a,a,a,,a,a,a,a,,a,a,a,a,a,a,a,a,a,a,b,a,a,a,a,a,a,a,a,a,a,a,a,a,a,a,a,a,a,a,a,a,a,a,a,a
ASE2,a,a,a,a,a,,a,b,a,a,a,a,a,a,a,a,a,a,a,a,a,,a,,a,a,a,a,a,a,c,a,a,a,a,a,a,a,,a,a,a,a,,a,a,a,a,a,a,a,a,a,a,a,a,a,a,a,a,a,a,a,a,a,a,a,a,a,a,a,a,a,a,a,a,a,a,a,a
ASE3,a,a,a,a,a,,a,b,a,a,a,a,a,a,a,a,b,a,a,a,a,,a,,a,a,a,a,a,a,c,a,a,a,a,a,a,a,,a,a,a,a,,a,a,a,a,a,a,a,a,a,a,a,a,a,a,a,a,a,a,a,a,a,a,,a,a,a,a,a,a,a,a,a,a,a,a,a
ASE4,b,a,b,a,b,,b,b,b,b,b,b,b,a,b,b,b,b,b,b,b,,b,,b,b,b,a,b,a,a,a,a,b,a,b,b,a,,b,b,a,b,,b,b,b,b,b,b,b,b,b,b,b,b,b,b,b,b,b,b,b,b,b,b,b,b,b,b,b,b,b,b,b,b,b,b,b,b
ASE5,b,b,b,b,a,,b,b,b,b,b,b,b,b,b,b,b,b,b,b,b,,b,,b,b,a,b,b,b,a,b,b,b,b,b,b,b,,b,b,b,b,,b,b,b,b,b,b,a,b,a,a,b,b,b,b,b,b,b,b,b,b,b,b,b,b,b,b,b,b,b,a,b,b,b,b,b,b
ASE6,a,a,a,a,a,,a,a,a,a,b,a,a,a,a,a,a,a,a,a,a,,a,,a,a,a,a,a,a,b,b,a,a,a,a,a,a,,a,a,a,a,,a,a,a,a,a,a,a,a,a,a,a,b,a,a,a,a,a,a,a,a,a,a,a,a,a,a,a,a,a,a,a,a,a,a,a,a
ASE7,b,b,b,b,b,,b,b,b,b,b,b,,b,b,b,a,b,b,b,b,,b,,b,b,b,b,b,b,a,b,b,b,b,a,b,b,,b,b,b,b,,c,b,b,b,b,b,b,b,b,b,b,b,b,b,b,b,b,b,b,b,b,b,b,b,b,b,b,b,b,b,b,,b,b,b,b
OPA1,a,a,a,a,a,,a,a,a,a,b,b,,b,a,a,b,a,a,a,a,,a,,b,a,a,a,a,c,a,a,a,a,a,b,b,a,,b,a,a,c,,a,a,a,a,a,b,a,c,c,a,a,b,c,a,b,a,a,a,a,a,a,a,a,a,a,b,a,a,a,a,a,a,a,b,a,a
OPA2,d,c,d,d,d,,c,a,d,d,d,c,,d,d,c,d,b,d,c,,,c,,c,c,d,c,d,c,,d,d,d,d,c,d,d,,d,c,d,d,,d,d,d,d,d,d,d,d,d,d,d,d,e,d,d,c,d,d,d,d,d,d,d,c,d,d,c,c,c,d,d,d,c,d,d,c
OPA3,a,a,a,a,a,,a,a,a,b,a,a,,b,a,a,b,a,a,a,a,,a,,a,a,a,b,a,a,a,a,a,a,a,a,a,a,,a,a,a,a,,a,a,a,a,a,a,a,a,c,a,a,a,a,a,a,a,a,a,a,a,a,a,,a,a,a,a,a,a,a,a,a,a,a,a,a
OPA4,b,a,b,b,b,,b,b,b,b,b,a,,b,b,b,b,b,b,b,b,,b,,b,b,b,b,b,b,c,b,b,b,b,b,b,b,,b,b,b,b,,b,b,b,b,b,b,b,b,b,b,b,b,b,b,b,,b,b,b,b,b,b,,b,b,b,b,b,b,b,b,b,b,b,b,b
OPA5,c,b,c,c,c,,b,c,c,c,b,c,,c,c,c,c,c,c,c,c,,c,,,c,c,c,c,c,b,c,c,c,c,c,,c,,c,c,c,c,,c,c,c,c,c,c,c,c,c,c,c,c,c,c,c,c,c,c,c,c,c,c,,c,c,c,c,c,c,c,c,c,c,c,c,c
OPA6,b,b,b,b,b,,b,c,b,b,b,b,,b,b,b,b,b,b,b,b,,b,,b,b,b,b,b,b,c,b,b,b,b,b,a,b,,b,b,b,b,,b,b,b,b,b,b,b,b,b,b,b,b,b,b,b,b,b,b,b,b,b,b,b,b,b,b,b,b,b,b,b,b,b,b,b,b
OPA7,a,a,a,a,a,,a,a,a,a,a,a,,a,a,a,b,a,a,a,a,,a,,a,a,a,a,a,a,a,a,a,a,a,a,a,a,,a,a,a,a,,a,a,,a,a,a,a,a,a,a,,a,a,a,a,a,a,a,a,a,a,a,a,a,a,a,a,a,a,a,a,a,a,a,a,a
OPA8,b,b,b,b,b,,b,b,b,b,b,b,,b,b,b,b,b,b,b,b,,b,,b,b,b,b,b,b,c,b,b,b,b,c,b,b,,b,b,b,b,,b,b,,b,b,b,b,b,b,b,,b,b,b,b,b,b,b,b,b,b,b,b,b,b,b,b,b,b,b,b,b,b,b,b,b
OPA9,b,b,b,b,b,,b,b,b,b,b,b,,b,b,b,b,b,b,b,b,,b,,b,b,b,b,b,b,b,b,b,b,b,b,b,b,,b,b,b,b,,b,b,,b,b,b,b,b,b,b,,b,b,b,b,b,b,b,b,b,b,b,b,b,b,b,b,b,b,b,b,b,b,b,b,b
OPA10,b,b,b,b,b,,d,d,b,b,b,b,,b,b,b,b,b,d,b,b,,b,,b,b,b,b,b,b,b,b,b,b,b,b,b,b,,b,b,b,b,,b,b,,b,b,b,b,b,b,b,,b,b,b,b,b,b,b,d,b,b,b,d,b,d,b,d,b,b,b,b,b,e,b,b,b
F1,b,,b,a,b,,c,a,b,b,b,b,b,b,b,b,a,a,b,b,b,,b,,b,b,b,a,b,a,a,b,b,b,b,b,b,b,,b,b,b,b,,b,b,,b,b,b,b,b,a,b,,b,b,b,b,b,a,b,a,b,b,b,b,b,b,b,b,b,b,b,b,b,b,b,b,b
F2,b,b,b,b,a,,b,b,b,b,b,b,b,b,b,b,b,b,b,,a,,b,,b,b,b,a,b,a,b,a,a,b,b,b,a,b,,b,b,a,b,,b,b,,b,a,b,b,b,b,b,,b,b,b,b,b,b,b,b,b,b,b,b,b,b,b,b,b,b,b,b,b,b,b,b,b
F3,b,b,b,b,b,,b,b,b,b,b,b,b,a,b,a,b,a,b,a,b,,a,,b,b,b,b,b,a,b,b,b,b,b,a,b,b,,b,b,b,b,,b,b,,b,b,b,b,b,b,b,,b,b,b,b,b,b,b,b,b,b,b,b,a,b,b,b,b,a,a,b,b,b,b,b,b
F4,a,a,a,a,a,,a,a,a,a,a,a,a,a,a,a,a,b,a,a,a,,a,,a,a,a,b,a,b,a,a,a,a,a,a,a,a,,a,a,a,a,,a,a,,a,a,a,a,a,a,b,,a,a,a,a,a,a,a,a,a,a,a,a,a,a,a,a,a,a,a,a,a,a,a,a,a
F5,a,a,a,a,a,,a,a,a,a,a,a,a,a,a,a,a,a,a,a,a,,a,,a,a,a,a,a,a,a,a,a,a,a,a,a,a,,a,a,a,a,,a,a,,a,a,a,a,a,a,a,,a,a,a,a,a,a,a,a,a,a,a,a,b,a,a,a,a,a,a,a,a,a,a,a,a
F6,a,a,a,b,b,,a,a,a,a,a,a,a,a,a,a,b,a,a,a,a,,a,,a,a,b,a,a,a,a,a,a,a,a,a,a,a,,b,a,a,a,,a,a,,a,a,a,a,a,a,a,,a,a,a,a,a,a,a,a,a,a,a,a,a,a,a,a,a,a,a,a,a,a,a,a,a
F7,a,a,a,a,a,,a,a,a,a,a,a,a,a,a,a,b,a,a,a,a,,a,,a,a,a,b,a,a,a,a,a,a,a,b,a,a,,a,a,a,a,,b,a,,a,a,a,a,a,a,b,,a,a,a,a,a,a,a,a,a,a,a,a,a,a,a,a,a,a,a,a,a,a,a,a,a
F8,a,a,a,a,a,,a,a,a,,a,a,a,a,,a,,a,a,,a,,a,,a,a,a,b,a,a,b,a,a,a,a,a,a,a,,a,a,a,a,,a,a,,b,a,a,a,a,a,a,,b,a,a,a,a,a,a,a,a,a,a,a,a,a,a,a,a,a,a,a,a,a,a,a,a
F9,b,b,b,b,b,,c,b,b,b,b,b,b,b,b,b,a,a,b,a,c,,b,,b,b,b,b,a,b,a,b,b,b,c,a,a,b,,b,b,b,b,,b,b,,b,b,b,a,b,b,c,,a,b,a,b,b,b,b,b,b,b,b,b,b,b,b,b,b,a,b,b,b,b,b,b,b
F10,b,a,a,a,a,,a,a,a,b,b,b,a,a,b,b,a,a,a,a,b,,b,,b,b,a,b,b,a,b,b,b,b,b,a,a,a,,b,b,b,b,,b,b,,b,a,b,b,a,b,b,,a,b,b,a,b,b,b,b,b,b,b,b,b,b,b,a,a,b,b,b,b,b,b,b,b
SC1,a,a,b,b,a,,b,b,b,b,b,c,b,b,b,c,b,b,b,b,b,,b,,b,b,b,b,c,b,b,b,a,b,b,a,b,b,,a,b,a,b,,c,b,,b,b,b,b,b,b,b,,b,b,b,b,b,b,c,b,b,b,a,b,b,b,b,b,b,b,b,b,b,b,b,b,b
SC2,d,c,c,c,a,,c,c,c,c,c,c,c,c,c,c,a,c,d,c,c,,c,,a,a,c,c,a,c,c,a,c,a,a,a,c,c,,c,c,c,c,,c,c,,c,c,c,a,c,c,c,,c,c,c,c,c,c,d,c,c,c,c,c,c,c,c,c,c,c,c,c,c,c,c,c,c
SC3,a,a,b,a,a,,b,a,a,a,,b,b,b,b,a,a,b,a,a,b,,b,,a,b,b,b,a,a,a,b,a,b,b,a,a,b,,b,a,b,a,,b,b,,b,b,b,b,b,a,b,a,b,b,b,a,b,b,b,b,b,b,b,b,b,b,b,b,b,b,b,b,b,b,b,a,b
SC4,a,a,a,a,a,,a,a,a,b,a,a,b,a,b,a,b,a,a,a,a,,a,,a,a,a,b,a,a,a,a,a,a,a,a,a,a,,a,a,b,a,,a,a,,a,a,a,a,a,a,a,b,a,a,a,a,a,a,a,a,b,a,a,b,a,a,a,a,a,a,a,a,b,a,a,a,a
SC5,,b,a,b,a,,a,a,a,a,a,a,,a,a,a,a,a,a,a,a,,b,,a,a,a,a,a,a,b,a,a,a,a,a,b,a,,a,a,a,a,,a,a,,a,a,a,a,a,a,a,a,a,a,a,a,a,a,a,a,a,a,a,a,a,a,a,a,a,a,a,a,a,a,a,a,a
SC6,b,b,b,b,b,,b,c,b,b,b,b,,b,b,b,b,b,b,b,b,,b,,b,b,b,b,b,b,b,b,a,b,b,b,b,b,,b,b,b,b,,b,b,,b,b,b,b,b,b,b,b,b,b,b,b,b,b,b,b,b,b,b,b,b,b,,b,b,b,b,b,b,b,b,b,b
PF1,a,a,b,b,a,,b,b,b,b,b,c,b,b,b,c,b,b,b,b,b,,b,,b,b,b,b,a,b,a,b,a,b,b,a,b,c,,a,b,a,b,,c,b,,b,b,b,b,b,b,b,a,b,b,b,b,b,b,a,b,b,b,a,b,b,b,b,b,b,b,b,b,b,b,b,b,b
PF2,a,a,a,a,a,,a,a,a,a,a,a,a,a,a,a,a,,a,a,a,,a,,a,a,a,a,a,a,b,a,a,a,a,a,a,a,,a,a,a,a,,a,a,,a,a,a,a,a,a,a,a,a,a,a,a,a,a,a,a,a,a,a,a,a,a,a,a,a,a,a,a,a,a,a,a,a
PF3,a,a,b,a,a,,b,a,a,b,b,b,b,b,b,a,a,b,b,b,b,,a,,b,b,b,a,a,a,a,a,a,a,b,b,b,b,,b,,b,b,,b,b,,b,b,b,b,a,a,b,b,b,b,b,b,b,b,a,b,b,b,b,b,b,b,b,b,b,b,b,b,b,b,b,b,a
PF4,b,b,d,c,c,,b,c,b,c,c,b,c,b,c,c,b,c,b,c,b,,c,,b,c,b,d,b,c,c,b,c,c,b,c,b,b,,b,c,b,b,,b,b,,b,b,c,c,b,b,b,b,b,c,b,b,c,c,c,b,b,b,c,b,b,b,b,c,b,b,b,c,b,b,c,c,b
PF5,a,a,a,a,a,,a,a,a,a,a,a,a,a,a,a,a,a,a,a,a,,a,,a,a,a,a,a,a,c,a,a,a,a,a,a,a,,a,a,a,a,,a,a,,a,a,a,a,a,a,a,a,a,a,a,a,a,a,a,a,a,a,a,a,a,a,a,a,a,a,a,a,a,a,a,a,a
PF6,b,a,b,a,b,,a,a,a,b,a,b,a,b,b,b,b,b,b,b,a,,b,,b,b,a,b,b,b,a,b,b,b,b,b,b,b,,b,b,b,b,,b,b,,a,b,b,b,a,b,a,b,a,b,a,b,b,a,b,b,b,b,b,b,b,a,b,a,b,b,b,b,a,b,b,b,b
PF7,b,b,a,a,a,,b,a,b,b,a,b,a,b,b,b,b,a,b,b,a,,a,,b,b,b,a,a,a,a,b,b,b,b,b,b,c,,b,b,b,b,,b,b,,b,b,b,b,b,b,b,b,a,b,a,b,b,b,a,b,b,b,b,b,b,b,b,b,a,b,a,b,a,b,b,b,b
CE1,a,b,b,a,b,,b,b,b,b,b,b,b,b,b,b,d,c,b,a,b,,a,,,b,c,b,b,b,c,b,b,b,d,b,c,b,,b,b,b,b,,b,c,,b,b,b,b,b,b,b,b,b,b,b,b,b,b,b,b,b,b,b,b,b,b,b,b,b,c,b,b,b,b,b,b,b
CE2,d,d,d,,d,,d,c,d,d,d,d,d,d,d,d,d,b,d,c,e,,c,,,d,d,d,d,c,a,d,d,d,b,d,a,d,,d,d,c,d,,d,d,,d,,,d,e,d,d,d,d,e,d,d,d,d,d,d,d,d,d,d,d,d,d,c,d,d,d,d,d,d,d,d,d
CE3,a,a,a,b,b,,b,b,a,a,a,b,c,a,a,a,a,b,a,b,a,,b,,b,a,a,b,a,a,a,b,a,a,a,b,a,a,,b,a,b,a,,a,a,,b,a,b,a,a,a,b,a,a,b,a,a,a,a,a,a,a,a,a,a,a,a,a,a,a,a,a,a,b,a,a,a,b
CE4,b,a,a,a,b,,a,a,b,a,a,c,b,a,b,b,a,a,a,a,b,,a,,b,a,a,a,b,a,a,a,b,b,b,a,a,a,,b,b,b,b,,b,b,,b,a,b,a,b,a,b,a,b,a,b,a,b,b,b,b,b,b,a,a,a,b,b,b,b,b,b,b,b,b,b,b,b
CE5,a,a,a,a,a,,a,a,a,a,a,a,a,b,a,a,a,a,a,,b,,a,,,a,a,a,a,a,a,a,a,a,a,a,a,a,,a,b,a,a,,c,a,,a,a,a,a,a,a,a,a,a,c,a,a,a,a,a,a,b,a,a,a,a,a,a,a,b,a,a,a,a,a,a,a,a
CE6,c,c,b,c,c,,c,c,d,d,b,c,d,c,c,d,b,,c,c,c,,c,,,c,c,b,c,b,b,c,c,c,c,c,c,e,,c,c,c,c,,c,c,,c,d,c,c,c,d,c,d,d,b,b,c,c,c,d,c,c,c,c,c,c,c,c,c,c,c,c,c,c,d,c,c,b
CE7,b,b,d,d,b,,b,b,b,b,b,b,b,b,d,b,c,b,b,b,b,,b,,,b,b,b,b,b,,a,b,b,a,b,b,d,,b,b,b,b,,b,b,,b,b,c,b,b,a,b,b,b,b,b,b,b,b,b,b,b,b,b,b,b,b,b,b,b,b,b,b,b,b,b,b,b
SS1,b,a,a,a,a,,a,b,a,c,a,b,c,b,a,a,a,b,c,b,d,,c,,,b,a,a,b,c,b,a,a,a,a,a,c,b,,a,a,b,b,,a,a,,a,a,a,b,a,d,a,b,b,b,a,c,a,a,a,b,b,a,b,a,b,b,b,a,b,a,d,c,a,b,a,a,a
SS2,a,a,a,a,a,,a,b,a,a,b,a,c,a,a,a,a,b,a,b,a,,c,,,b,a,a,b,b,b,a,a,a,a,a,a,a,,a,a,b,a,,a,a,,a,a,a,b,a,d,a,a,a,a,a,a,a,a,a,a,a,a,a,a,a,a,a,a,a,a,d,a,a,b,a,a,a
SS3,a,a,a,a,a,,a,b,a,a,a,a,a,a,a,a,a,a,a,a,b,,a,,,a,a,a,a,a,a,a,a,a,a,a,a,a,,a,a,a,a,,a,b,,a,a,a,a,a,a,a,a,a,a,a,a,a,a,a,a,a,a,a,a,a,a,a,a,a,a,a,a,a,a,a,a,a
SS4,c,c,b,c,c,,c,c,c,b,c,c,d,c,c,b,c,a,c,c,a,,a,,,c,d,c,c,a,b,b,c,c,b,c,b,b,,c,c,c,c,,,c,,c,c,c,c,c,d,c,c,c,c,c,c,c,c,c,c,c,c,c,c,b,c,c,c,c,c,d,b,c,c,c,c,c
SS5,d,d,d,d,d,,d,c,d,a,d,d,c,d,a,c,d,d,d,d,d,,b,,,d,e,d,d,d,a,d,d,d,d,d,d,e,,d,d,d,d,,,d,,d,d,d,d,d,e,d,d,d,d,d,d,d,d,d,d,d,d,d,d,d,d,d,d,d,d,e,,d,d,d,d,d
SS6,b,b,d,c,b,,b,b,b,b,b,b,b,b,b,c,b,d,b,d,c,,d,,,b,b,a,b,b,a,d,b,c,b,c,a,b,,c,c,b,b,,b,b,,c,b,b,b,d,b,b,b,b,b,c,a,b,b,b,b,b,b,b,b,d,b,b,b,b,b,b,b,b,b,b,c,c
SNGS1,a,a,a,a,b,,a,a,a,a,a,a,a,a,a,a,b,a,a,a,a,,a,,,a,a,a,a,a,a,b,a,a,a,a,a,a,,a,a,a,a,,a,a,,a,a,a,a,a,a,a,a,a,,a,a,a,a,a,a,a,a,a,a,a,a,a,a,a,a,a,a,a,a,a,a,a
SNGS2,c,c,c,c,c,,c,b,c,c,c,c,c,c,c,c,c,a,c,b,b,,c,,,c,c,b,c,c,c,c,c,c,c,c,c,c,,c,c,c,c,,c,c,,c,c,c,c,c,b,c,c,c,c,c,c,c,c,c,c,c,c,c,c,c,c,c,c,c,c,c,c,c,c,c,c,c
SNGS3,b,b,b,b,b,,b,b,b,b,b,b,b,b,b,b,c,c,b,b,b,,b,,,b,b,a,c,b,c,b,c,b,b,b,c,b,,b,b,b,b,,b,b,,b,b,b,c,b,b,b,b,b,b,b,b,b,b,b,b,b,b,b,b,b,b,b,b,b,b,b,b,b,b,b,b,b
SNGS4,a,a,a,a,a,,a,b,a,c,a,a,a,a,a,a,a,a,a,a,a,,a,,,a,a,b,a,a,a,b,a,a,a,a,a,a,,a,a,a,a,,a,a,,a,a,a,a,a,a,a,a,a,a,a,a,a,a,a,a,a,a,a,a,a,a,a,a,a,a,a,a,a,a,a,a,a
SNGS5,a,a,a,a,a,,a,a,a,c,a,a,b,a,a,a,a,a,a,a,a,,a,,,b,a,b,a,a,a,a,a,a,b,a,a,a,,a,a,a,a,,a,a,,a,a,a,a,a,a,a,a,b,a,a,a,a,a,a,a,a,a,a,a,a,a,a,a,a,a,a,a,a,a,a,a,a
MW1,a,a,a,a,a,,a,c,a,a,d,a,e,a,a,a,a,c,a,a,a,,a,,,a,a,b,b,c,b,d,a,a,a,d,d,e,,a,a,a,a,,a,a,,a,a,d,a,d,a,a,c,a,a,a,a,a,a,a,a,a,a,a,a,a,a,a,a,a,a,a,a,a,a,a,d,a
MW2,a,a,a,a,a,,a,a,a,a,a,a,,a,a,a,a,a,a,a,a,,a,,,a,a,a,b,,a,a,a,a,a,a,a,a,,a,a,a,a,,a,a,,a,a,b,a,a,a,a,a,a,a,a,b,a,a,a,a,a,a,a,a,a,a,a,a,a,a,a,a,a,a,a,a,a
MW3,b,a,a,a,b,,a,b,a,a,b,b,,a,a,a,a,a,a,b,b,,a,,,b,a,b,a,a,a,b,a,a,a,a,a,b,,b,b,a,a,,b,a,,b,a,b,a,a,a,b,b,b,a,a,a,a,b,c,b,a,a,,a,a,a,b,a,b,b,a,b,a,b,b,a,a
MW4,a,a,a,a,a,,a,a,a,a,a,a,,a,a,a,b,a,a,a,a,,a,,,a,a,a,a,a,a,a,a,a,a,,a,a,,a,a,a,a,,a,a,,b,a,a,a,a,a,a,a,a,c,a,b,a,a,a,a,a,a,a,a,a,a,a,b,a,a,a,a,a,a,a,a,a
MW5,a,b,a,b,b,,b,a,b,a,a,a,a,a,b,a,b,b,b,a,a,,b,,,b,b,a,b,b,a,a,b,a,b,a,b,a,,b,b,b,b,,b,b,,a,b,b,a,a,a,b,a,b,b,a,b,b,b,a,b,b,b,b,a,a,b,b,a,b,b,b,a,b,b,b,b,b
MW6,a,a,a,a,a,,a,a,a,b,a,a,b,a,a,a,a,a,a,a,a,,a,,,a,a,,a,a,a,a,a,a,a,a,a,a,,a,a,b,a,,a,a,,b,a,a,a,a,a,a,b,a,a,a,a,a,a,a,a,a,a,a,a,b,a,a,a,a,a,b,a,a,a,a,b,a
MW7,b,b,b,b,b,,b,a,b,b,b,b,b,a,b,b,a,b,b,b,d,,b,,,b,b,a,b,b,b,c,b,b,b,b,b,b,,b,b,b,b,,b,b,,b,b,a,a,b,b,b,b,b,b,b,b,b,b,b,b,b,b,b,b,b,b,b,b,b,b,b,b,b,b,b,b,b
MW8,d,c,c,c,a,,c,a,b,c,a,c,c,c,c,a,a,c,c,d,b,,c,,,b,a,a,a,a,b,c,a,a,a,c,a,b,,a,a,a,a,,a,a,,a,a,a,a,a,a,a,a,a,a,a,a,a,a,a,a,a,a,a,a,a,a,a,a,a,a,a,a,a,a,b,a,a
IF1,b,b,b,b,b,,b,a,b,b,b,b,b,b,b,b,b,a,b,b,b,,b,,,b,b,b,b,b,a,a,b,b,b,b,b,b,,b,b,b,b,,b,b,,a,b,b,a,b,b,b,b,a,b,b,b,b,b,b,b,b,b,b,b,b,,b,b,b,a,a,b,b,b,b,b,b
IF2,a,a,a,a,a,,a,b,a,a,a,a,a,b,b,b,b,a,b,a,a,,a,,,a,a,b,a,a,a,a,a,a,a,b,a,c,,a,a,a,a,,a,a,,b,b,a,a,b,a,a,a,a,a,a,a,a,a,a,a,a,b,a,a,a,a,a,a,a,a,a,b,a,a,a,b,a
IF3,a,a,a,a,a,,a,c,a,a,a,a,a,a,a,a,a,b,a,a,a,,a,,,a,a,,a,a,a,a,a,a,a,a,a,a,,a,a,a,a,,a,a,,a,a,a,a,a,a,a,a,a,a,a,a,a,a,a,a,a,a,a,b,a,a,a,a,a,a,a,a,a,a,a,a,a
IF4,b,b,b,b,b,,b,b,b,c,b,b,b,b,,b,b,c,b,b,b,,b,,,b,b,a,b,b,b,b,b,b,b,c,c,b,,b,b,b,b,,b,b,,b,b,b,b,b,b,b,b,b,b,b,b,b,b,b,b,b,b,b,b,b,b,b,b,b,b,b,b,b,b,b,b,b
IF5,a,a,a,a,a,,a,b,a,a,a,a,a,a,a,a,a,a,a,a,a,,a,,,a,a,a,a,a,a,a,a,a,a,a,b,a,,a,a,a,a,,a,a,,a,a,a,a,a,a,a,a,a,a,a,a,a,a,a,a,a,a,a,a,a,a,a,a,a,a,a,a,a,a,a,a,a
IF6,c,c,c,c,c,,c,a,c,c,c,c,c,c,c,c,d,c,c,c,c,,c,,,c,c,a,c,c,a,a,c,c,c,c,c,a,,c,c,c,a,,c,c,,c,c,a,c,c,a,c,a,c,c,c,c,c,c,a,c,c,c,c,c,c,c,c,c,c,c,c,c,a,c,c,c,c
IELSE1,a,a,a,a,a,,a,a,a,a,a,a,a,a,a,a,b,a,a,a,a,,a,,,a,a,b,a,a,a,a,a,a,a,a,a,a,,b,a,a,,,a,a,,a,a,a,a,a,a,a,b,a,c,a,a,a,a,a,a,a,a,a,a,a,a,b,a,a,a,a,a,a,a,a,a,a
IELSE2,a,a,a,a,a,,a,a,a,a,a,a,a,a,a,a,b,b,a,a,a,,a,,,a,a,a,a,a,a,b,a,a,a,a,a,a,,a,a,a,a,,a,a,,a,a,a,a,a,a,a,a,a,a,a,a,a,a,a,a,a,a,a,a,a,a,a,a,a,a,a,a,a,a,a,a,a
IELSE3,b,b,b,b,b,,b,b,b,b,b,b,b,b,b,b,b,b,b,b,b,,b,,,b,b,a,b,b,c,b,b,b,b,b,b,b,,b,b,b,b,,b,b,,b,b,b,b,b,b,b,b,b,b,b,b,b,b,b,b,b,b,b,b,b,b,b,b,b,b,b,b,b,b,b,b,b
IELSE4,a,a,a,a,a,,a,a,a,a,a,a,a,a,a,a,d,d,a,a,a,,a,,,a,c,b,a,a,a,a,a,a,a,a,a,a,,a,a,a,a,,a,a,,a,a,a,a,a,a,a,a,a,a,a,a,a,a,a,a,a,a,a,a,a,a,a,a,a,a,a,a,a,a,a,a,a
IELSE5,b,a,a,a,a,,a,a,a,a,a,a,a,a,a,a,d,a,a,a,a,,a,,,a,a,a,a,a,b,a,a,a,a,a,a,a,,a,a,a,a,,a,a,,a,a,a,a,a,a,b,a,a,a,a,a,a,a,a,a,a,a,a,a,a,a,a,a,a,a,a,,a,a,a,a,a
IELSE6,d,d,d,d,d,,d,d,d,d,d,d,d,d,d,d,d,d,d,d,d,,c,,,c,d,b,d,d,c,d,d,d,d,d,d,d,,d,d,d,d,,d,d,,d,d,d,d,d,d,d,d,d,d,d,d,d,d,d,d,d,d,d,d,d,d,d,d,d,d,d,d,d,d,d,d,d
IELSE7,b,d,c,d,d,,b,b,b,a,d,d,b,b,b,b,a,b,b,b,b,,b,,,b,a,d,b,a,a,b,d,d,b,a,b,a,,b,b,d,a,,a,b,,a,a,c,d,b,d,d,a,d,a,d,d,d,a,d,d,d,d,d,d,a,c,d,b,c,d,d,c,b,a,d,a,b
IELSE8,a,a,a,a,a,,a,a,a,a,a,a,c,a,a,a,b,d,a,a,a,,a,,,a,a,a,a,a,a,a,a,a,a,a,a,a,,a,a,a,a,,a,a,,a,a,a,a,a,a,a,a,a,a,a,d,a,a,a,a,a,a,a,a,a,a,a,a,a,a,a,a,a,a,a,a,a
IELSEIF1,a,a,a,a,a,,a,a,a,a,a,a,a,a,a,a,a,a,a,a,a,,b,,,a,a,b,a,a,a,a,a,a,a,a,b,a,,a,a,a,a,,a,a,,a,a,a,a,a,a,a,a,a,a,a,a,a,a,a,a,a,a,a,a,a,a,a,a,a,a,a,a,a,a,a,a,a
IELSEIF2,d,d,d,d,d,,d,c,d,d,d,d,d,d,d,d,d,b,d,d,d,,b,,,d,d,b,d,d,b,d,d,d,d,d,d,d,,d,d,d,d,,d,d,,d,d,d,d,d,d,d,d,d,d,d,d,d,d,d,d,d,d,d,d,d,d,d,d,d,d,d,d,d,d,d,d,c
IELSEIF3,c,c,c,c,c,,c,c,c,c,c,c,c,c,c,c,c,c,c,c,c,,a,,,c,c,c,c,c,b,c,c,c,c,c,b,c,,c,c,c,c,,c,c,,c,c,c,c,c,c,c,c,c,c,c,c,c,c,c,c,c,c,c,c,c,c,c,c,c,c,c,c,c,c,c,c,c
IELSEIF4,a,a,a,a,a,,a,a,a,a,a,a,a,a,a,a,a,a,a,a,a,,b,,,a,a,c,a,a,b,a,a,a,a,a,b,a,,a,a,a,a,,a,a,,a,a,a,a,a,a,a,a,a,a,a,a,a,a,a,a,a,a,a,a,a,a,a,a,a,a,a,a,a,a,a,a,a
IELSEIF5,c,b,c,c,c,,c,b,c,c,c,c,b,c,c,b,b,c,c,b,b,,b,,,c,c,a,c,b,b,c,c,c,c,c,a,b,,c,c,c,c,,c,c,,c,c,c,,c,c,c,c,c,c,c,c,c,c,a,a,c,c,c,c,c,c,c,c,c,c,c,c,c,c,c,c,c
IELSEIF6,b,a,b,b,b,,b,a,b,b,b,b,a,b,a,b,a,a,b,a,a,,a,,,d,,c,b,a,a,a,b,b,b,a,b,a,,b,b,b,b,,b,b,,b,b,b,b,b,b,b,b,b,b,b,b,b,b,a,b,b,b,b,b,b,b,b,b,b,b,b,b,b,b,b,b,a
IELSEIF7,b,b,b,b,b,,b,a,b,b,c,d,b,b,b,b,b,b,b,b,b,,d,,,b,b,b,b,b,b,d,b,b,c,b,b,b,,b,b,d,b,,d,d,,b,b,c,b,b,a,e,b,b,d,b,d,b,d,b,d,b,d,b,b,b,b,b,b,b,b,b,b,d,b,d,b,b
IELSEIF8,b,,d,b,b,,c,b,d,c,c,b,b,b,d,d,b,b,b,b,b,,b,,,b,c,b,b,e,b,a,b,b,a,b,c,c,,b,d,b,d,,c,d,,b,b,d,b,b,c,b,d,b,b,b,e,d,b,b,b,b,b,d,b,b,c,b,c,b,b,d,b,b,b,b,c,b
ISTMT1,d,d,d,d,d,,d,d,d,d,d,d,d,d,d,d,c,a,d,d,d,,d,,,d,d,c,d,d,b,d,d,d,d,d,d,d,,d,d,d,d,,d,d,,d,d,d,d,d,d,d,d,d,d,d,d,d,d,d,d,d,d,d,d,d,d,d,d,d,d,d,d,d,d,d,d,d
ISTMT2,b,b,b,a,b,,b,a,b,,b,b,b,b,a,a,b,a,a,b,b,,a,,,b,b,a,b,a,a,b,b,b,b,b,a,b,,b,b,b,b,,b,b,,b,b,b,b,b,a,b,a,b,c,b,b,b,b,a,b,b,b,a,b,b,b,b,a,b,b,b,a,b,b,a,b,b
ISTMT3,b,b,b,b,b,,b,b,b,b,b,b,b,b,a,a,a,a,a,b,b,,a,,,b,b,a,b,b,a,b,b,b,b,b,b,b,,b,b,b,b,,b,b,,b,b,b,b,b,b,b,b,b,c,b,b,b,b,b,b,b,b,b,b,b,b,b,b,b,b,b,b,b,b,b,b,b
ISTMT4,a,b,a,a,a,,a,a,a,a,a,a,a,a,a,a,a,a,a,a,a,,a,,,b,a,a,a,a,a,a,a,a,a,a,a,a,,a,a,a,a,,a,a,,a,a,a,a,a,b,a,a,a,c,a,a,a,a,a,a,a,a,a,a,a,a,a,a,a,a,a,a,a,a,a,a,a
ISTMT5,a,a,a,b,b,,a,a,a,a,a,a,a,a,b,a,b,b,c,a,a,,a,,,a,a,b,a,b,b,a,a,a,a,a,a,a,,a,a,a,a,,a,a,,a,a,a,a,a,a,a,a,a,b,a,a,a,a,a,a,a,a,a,a,a,a,a,a,a,a,a,a,a,a,a,a,a
ISTMT6,a,a,a,a,a,,a,b,a,a,a,a,a,a,a,a,b,a,a,a,a,,b,,,a,a,b,a,a,a,a,a,a,a,a,b,a,,a,a,a,a,,a,a,,a,a,a,a,a,a,a,a,a,a,a,a,a,a,a,a,a,a,a,a,a,a,a,a,a,a,a,a,a,a,a,a,a
ISTMT7,a,a,a,b,b,,a,a,b,a,b,b,a,b,b,a,a,b,a,b,b,,a,,,b,b,a,a,b,a,a,a,a,b,b,a,b,,b,b,b,b,,b,b,,b,b,b,a,a,b,a,a,b,b,a,b,a,b,b,b,b,b,b,b,b,b,b,b,a,b,b,b,a,b,b,a,b
ISTMT8,a,a,b,b,b,,a,a,a,a,b,b,a,b,a,a,a,a,a,c,b,,a,,,b,b,b,a,a,b,a,a,a,b,b,b,a,,b,b,b,b,,b,b,,b,b,b,b,b,b,a,b,a,b,a,b,b,a,b,b,b,b,b,a,b,b,a,b,b,a,a,b,a,b,a,a,b
ISTMT9,c,d,c,c,c,,d,d,c,a,c,b,c,d,d,d,c,b,d,c,c,,b,,,d,c,c,c,a,c,d,c,c,c,a,e,d,,c,c,c,c,,c,c,,c,c,c,c,c,c,c,c,c,c,c,a,c,d,c,c,c,c,b,c,a,c,c,c,c,c,c,c,c,c,c,c,c
ISTMT10,d,d,d,d,d,,d,c,d,d,d,d,d,d,a,d,d,d,d,d,d,,d,,,d,d,c,d,d,a,d,d,d,d,d,d,d,,d,d,d,d,,d,d,,d,d,d,d,d,c,d,d,d,d,d,d,d,d,d,d,d,d,d,d,d,d,d,d,d,e,d,d,d,d,d,e,d
ISTMT11,a,a,a,a,b,,a,a,a,a,a,b,a,a,a,a,a,b,a,a,a,,b,,,a,a,a,a,a,a,a,a,a,a,a,a,a,,a,a,a,a,,a,a,,a,a,a,a,a,a,a,a,a,a,a,a,a,a,a,a,a,a,a,a,a,a,a,a,a,a,a,a,a,a,b,a,a
ISTMT12,a,a,a,a,a,,a,b,a,a,a,a,a,a,a,a,a,b,a,a,a,,a,,,a,a,a,a,,a,a,a,a,a,a,b,a,,b,a,a,a,,a,a,,a,a,b,a,a,a,a,a,a,a,a,a,a,a,a,a,a,a,a,a,a,a,a,a,a,a,a,a,a,a,a,a,a
ISNGL1,a,a,a,a,a,,a,b,a,a,a,a,b,a,a,a,b,a,b,a,a,,a,,,a,a,b,a,a,b,a,a,a,a,a,a,a,,b,a,a,a,,a,a,,a,a,,a,a,a,a,a,a,a,a,a,a,a,a,a,a,a,a,a,a,a,a,a,a,b,a,a,a,a,a,a,a
ISNGL2,a,a,a,b,b,,a,a,b,a,a,b,a,b,a,a,a,a,b,b,b,,a,,,b,b,a,b,a,b,a,a,a,b,a,a,a,,a,b,b,a,,b,b,,a,b,b,b,a,a,a,b,a,a,b,a,b,b,a,b,b,b,a,b,b,b,b,b,a,b,b,b,a,a,b,a,b
ISNGL3,b,a,e,b,a,,b,a,a,e,b,b,a,a,a,a,a,b,b,b,b,,c,,,b,a,a,b,e,b,a,b,d,b,b,a,a,,b,,b,b,,b,a,,b,b,b,b,b,b,b,b,b,a,b,b,b,b,b,b,a,b,b,a,b,a,a,a,b,b,b,b,b,b,b,a,b
ISNGL4,b,b,b,b,b,,b,b,b,b,a,b,b,b,a,c,b,b,b,b,c,,b,,,b,b,b,b,b,b,a,b,b,b,b,a,b,,b,b,b,b,,b,b,,b,b,a,b,b,b,b,b,b,b,b,b,b,b,b,b,b,b,b,b,b,b,b,b,b,b,b,b,b,b,b,b,b
ISNGL5,c,c,c,c,c,,c,b,c,,c,c,b,b,a,c,b,b,c,c,a,,a,,,c,c,b,c,b,b,a,c,c,c,c,c,b,,c,c,c,c,,c,c,,c,c,c,c,c,c,c,c,c,c,c,c,c,c,c,c,c,c,c,c,c,c,c,c,c,c,c,c,c,c,c,c,c
NITR1,a,a,a,a,a,,c,a,a,,a,a,,a,a,a,a,a,a,a,a,,a,,,a,a,c,a,a,a,a,a,a,a,a,b,a,,a,a,a,a,,a,a,,a,,a,a,a,a,a,a,a,a,a,a,a,a,a,a,a,a,a,a,a,a,a,a,a,a,a,a,a,a,a,a,a
NITR2,a,a,a,a,a,,c,a,a,,a,a,a,a,a,a,a,b,a,a,a,,a,,,a,a,a,a,a,b,a,a,a,a,a,b,c,,a,a,a,a,,a,a,,a,,a,a,a,a,a,a,b,a,a,a,a,a,a,a,a,a,a,a,a,a,a,a,a,a,a,a,a,a,a,a,a
NITR3,a,a,a,a,a,,a,a,a,,a,a,a,a,a,a,a,a,a,a,a,,a,,,a,a,b,a,a,a,a,a,a,a,a,a,a,,a,a,a,a,,a,a,,a,a,a,a,a,a,a,a,a,a,a,a,a,a,a,a,a,a,a,a,a,a,a,a,a,a,a,a,a,a,a,a,a
NITR4,d,,e,d,d,,d,b,c,,b,d,b,b,b,b,e,a,d,d,d,,b,,,d,d,e,d,e,a,d,d,d,d,d,a,e,,d,d,a,c,,d,d,,a,a,b,d,c,e,c,d,d,b,b,d,d,d,e,d,d,d,a,b,d,d,d,b,d,b,c,d,d,d,d,d,b
NITR5,a,a,d,a,a,,a,b,a,c,a,a,a,a,a,a,a,b,d,a,a,,c,,,b,a,e,a,a,a,a,a,a,a,a,b,a,,a,a,b,a,,a,a,,a,a,a,a,a,a,a,a,a,a,a,a,a,a,a,a,a,a,a,b,a,b,b,b,a,a,a,a,a,a,a,a,a
W1,b,b,b,b,b,,b,c,a,b,b,b,b,b,b,b,b,b,b,b,b,,b,,,b,b,b,b,a,b,b,b,b,b,b,b,b,,b,b,b,b,,b,b,,b,b,b,b,b,b,b,b,b,b,b,b,b,b,b,b,b,b,b,b,b,b,b,b,b,b,c,b,b,b,b,b,b
W2,a,a,a,a,a,,a,c,a,a,a,a,a,b,a,d,a,b,d,a,a,,a,,,b,a,a,a,b,b,a,a,a,a,a,b,a,,a,a,a,a,,a,a,,a,a,a,a,a,a,a,a,b,a,a,a,a,a,a,a,a,a,a,a,a,a,a,a,a,a,b,a,a,a,a,a,a
W3,a,a,a,a,a,,d,e,a,c,a,a,a,a,a,c,a,a,a,a,a,,a,,,a,a,a,a,b,a,a,b,a,a,a,c,a,,a,a,a,a,,a,a,,a,b,b,a,a,a,a,a,a,a,a,a,b,a,a,a,a,b,a,a,a,a,a,a,,b,b,a,a,a,a,a,a
W4,c,c,d,c,b,,f,a,c,e,c,c,d,d,c,d,d,e,d,c,c,,d,,,c,b,d,d,f,f,d,c,c,b,c,c,d,,c,c,c,c,,b,d,,c,c,d,c,c,c,c,d,c,c,c,c,c,c,c,c,c,c,c,c,c,c,c,d,b,b,c,c,c,c,c,c,e
W5,c,c,c,c,c,,c,c,c,b,c,c,c,c,c,c,c,c,c,c,c,,c,,,c,c,c,c,b,c,c,c,c,c,c,c,c,,c,c,c,c,,c,c,,c,c,c,c,c,c,c,c,c,c,c,c,c,c,c,c,c,c,c,c,c,c,c,c,c,d,c,c,c,c,c,c,c
W6,b,b,b,b,b,,b,b,b,a,a,b,b,b,b,b,a,b,a,b,b,,a,,,b,b,b,b,a,a,a,b,b,b,b,b,b,,b,a,b,b,,b,b,,b,b,b,b,b,b,b,b,b,b,a,b,b,b,b,b,b,b,b,b,b,b,b,b,b,b,b,b,,b,b,b,b
W7,a,a,a,a,a,,a,b,a,a,a,a,b,a,b,b,b,a,b,a,a,,a,,,a,a,a,a,a,a,b,a,a,a,a,b,b,,a,a,a,a,,a,a,,a,a,a,a,a,a,a,a,a,a,a,a,a,a,a,a,a,a,a,a,a,a,a,a,a,a,a,a,a,a,a,a,a
W8,b,b,b,b,b,,b,a,b,b,b,b,a,b,a,a,a,a,a,b,b,,a,,,b,b,b,b,b,a,a,b,b,b,b,b,a,,b,b,b,b,,b,b,,b,b,b,b,b,b,b,b,b,b,b,b,b,b,b,b,b,b,b,b,b,b,b,b,b,b,b,b,b,b,b,b,b
W9,a,a,b,a,a,,a,b,a,a,a,b,a,b,a,b,b,b,b,b,b,,a,,,a,a,a,a,a,a,a,b,a,a,a,b,a,,b,a,b,b,,a,a,,b,a,a,b,a,b,b,a,a,b,a,a,a,a,a,b,b,b,b,b,a,a,a,a,b,b,b,a,a,b,b,b,a
W10,b,b,b,b,a,,b,b,b,b,b,b,a,b,b,b,a,a,b,c,c,,b,,,b,b,a,a,b,a,b,b,b,,b,b,c,,b,b,b,b,,b,b,,b,b,b,b,a,b,a,a,b,b,b,b,b,b,b,b,b,b,b,b,b,b,b,a,a,b,b,a,b,b,b,b,b
DOL1,b,b,b,b,b,,b,b,b,b,b,b,b,b,c,b,c,b,b,b,b,,c,,,b,b,c,b,b,b,c,b,b,b,b,,b,,b,b,b,b,,b,b,,b,b,b,b,b,b,b,b,b,b,b,b,b,b,b,b,b,b,b,b,b,b,b,b,b,b,b,b,b,b,b,b,b
DOL2,a,c,a,a,a,,a,c,a,a,a,a,a,a,c,c,b,c,c,a,a,,a,,,a,a,a,a,b,a,c,a,a,a,a,b,c,,a,a,a,a,,a,a,,a,a,a,a,a,a,a,a,a,a,a,a,a,a,a,a,a,a,a,a,a,a,a,a,a,c,a,a,a,a,a,a,a
DOL3,b,b,c,b,b,,b,c,b,b,b,b,a,b,b,c,c,a,b,b,b,,b,,,b,b,a,b,c,a,b,b,b,b,b,c,b,,b,b,b,c,,c,b,,b,b,b,c,b,c,b,b,c,c,c,c,b,b,b,b,b,b,b,b,b,c,b,b,c,b,c,c,b,b,b,b,b
DOL4,b,a,b,a,a,,a,a,b,b,b,b,b,b,a,b,a,a,b,c,c,,a,,,b,b,a,a,a,a,b,b,b,b,b,c,a,,b,b,b,b,,b,b,,b,a,a,b,b,b,b,b,b,b,b,b,b,a,b,b,b,b,b,b,b,b,b,b,a,b,b,b,b,b,b,b,b
DOL5,a,b,b,a,b,,b,c,b,b,b,a,b,a,b,b,b,b,a,a,a,,a,,,a,a,a,b,a,b,a,a,a,a,b,c,b,,a,b,a,a,,b,b,,b,b,a,a,b,a,a,b,b,a,a,b,b,b,b,b,b,a,a,a,b,a,c,a,a,b,a,a,a,a,b,b,b
DOL6,b,b,b,,b,,b,b,b,b,b,b,b,b,a,b,a,b,b,b,b,,b,,,b,b,a,b,b,b,b,b,b,b,b,b,b,,b,b,b,b,,b,b,,b,b,b,b,b,b,b,b,b,b,b,b,b,b,b,b,b,b,b,b,b,b,b,b,b,b,b,b,b,b,b,b,b
DOL7,a,a,a,a,a,,a,a,a,b,a,a,a,a,a,a,a,b,a,a,a,,a,,,a,a,a,a,a,b,b,a,a,a,a,b,a,,a,a,a,a,,a,a,,a,a,a,a,a,a,a,a,a,a,a,a,a,a,a,a,a,a,a,a,a,a,a,a,a,a,a,,a,a,a,a,a
DOL8,d,b,a,d,d,,d,a,a,d,d,d,c,c,d,a,c,b,a,d,d,,a,,,d,d,a,d,a,a,a,d,d,a,d,b,a,,d,d,d,d,,d,d,,d,d,a,d,d,d,d,a,d,d,d,d,d,d,d,d,d,d,c,a,a,d,d,d,d,a,d,d,a,d,c,d,a
DOL9,c,c,c,c,c,,c,d,c,a,a,c,c,c,c,c,a,c,c,c,c,,c,,,c,c,b,c,c,a,c,d,c,c,c,c,c,,c,a,c,a,,c,a,,c,c,d,c,a,a,c,c,a,c,c,c,c,c,c,c,d,c,b,a,c,d,b,a,c,c,c,c,c,a,c,c,c
FOR1,d,d,e,d,d,,d,d,d,c,c,c,d,d,c,c,d,c,d,d,d,,c,,,d,d,b,d,d,a,d,d,d,d,d,d,c,,d,d,d,d,,d,d,,d,d,d,d,d,d,d,d,d,c,d,d,d,d,d,d,d,d,d,d,d,d,d,d,d,d,d,c,d,d,d,d,d
FOR2,a,a,b,a,a,,c,a,c,b,a,b,a,c,a,a,a,a,b,a,a,,b,,,a,a,a,a,a,b,a,a,a,a,a,b,a,,c,a,c,a,,c,a,,a,a,a,a,a,a,a,c,b,a,a,a,a,a,a,a,a,a,a,a,a,a,a,a,c,c,a,a,a,b,a,a,a
FOR3,b,b,b,b,b,,b,a,b,b,b,b,a,b,b,b,c,a,b,a,a,,b,,,b,b,a,b,d,b,b,b,b,b,b,b,b,,b,b,a,b,,b,b,,b,b,b,b,b,b,b,b,b,b,b,b,b,b,a,a,b,b,b,b,b,b,b,b,b,a,b,b,b,b,b,b,a
FOR4,a,a,a,a,a,,b,a,a,a,a,a,a,a,a,a,b,a,a,a,a,,a,,,a,a,b,a,a,b,d,b,a,a,a,b,a,,a,a,a,a,,a,a,,a,a,a,a,b,a,a,a,a,a,a,a,a,a,a,a,a,a,a,a,a,a,a,a,a,b,a,a,a,a,a,a,a
FOR5,c,c,c,c,c,,c,c,a,c,c,c,a,c,c,c,a,a,c,c,c,,c,,,c,a,a,c,c,d,c,c,c,c,c,c,c,,c,c,c,c,,c,c,,a,c,c,c,c,c,c,a,c,c,c,c,c,c,c,c,c,c,c,c,c,c,c,c,a,c,c,c,c,c,c,a,c
FOR6,a,a,a,a,b,,b,b,a,c,a,b,b,b,a,a,a,a,b,,a,,b,,,a,b,b,a,a,a,a,a,b,a,a,b,b,,b,a,a,c,,a,b,,a,a,b,b,b,a,b,c,a,b,b,a,a,a,a,b,a,b,a,b,b,b,a,a,b,c,b,a,,b,b,a,a
FOR7,d,b,b,b,b,,b,a,b,d,b,d,d,d,a,d,a,a,d,d,d,,b,,,b,a,a,b,d,a,d,b,b,b,d,a,d,,d,b,c,e,,d,d,,b,b,d,b,d,d,d,b,b,d,b,d,e,b,d,d,d,d,b,b,d,d,b,b,b,b,b,b,b,b,d,d,c
SW1,a,a,a,a,a,,a,b,a,a,a,a,a,a,a,a,a,a,a,a,a,,b,,,a,a,a,a,a,b,a,a,a,a,a,b,a,,a,a,a,a,,a,a,,a,a,a,a,a,a,a,a,a,a,a,a,a,a,a,a,a,a,a,a,a,a,a,a,a,b,a,a,a,a,a,a,a
SW2,b,a,b,a,b,,a,b,a,a,a,c,b,b,a,a,b,b,b,a,a,,b,,,a,a,a,a,a,b,a,a,a,a,a,b,c,,a,a,b,a,,a,a,,b,a,a,a,a,a,a,b,a,a,a,a,a,b,a,a,a,a,a,a,a,a,a,b,b,a,a,a,a,a,b,b,a
SW3,a,a,a,a,c,,a,b,a,,a,a,a,a,a,a,d,d,a,a,a,,b,,,a,c,c,c,a,c,a,a,a,a,a,c,a,,a,a,a,a,,a,a,,a,a,a,a,a,a,a,a,a,a,a,b,a,a,a,a,a,a,a,a,a,a,a,a,a,a,a,a,a,a,a,a,a
SW4,a,a,a,a,a,,a,a,a,a,a,a,a,a,a,a,b,b,a,a,a,,b,,,a,a,b,a,a,a,a,a,a,a,a,b,a,,a,a,a,a,,a,a,,a,a,a,a,a,a,a,a,a,a,a,a,a,a,a,a,a,a,a,a,a,a,a,a,a,a,a,a,a,a,a,a,a
SW5,e,e,e,e,e,,e,e,e,e,e,e,e,e,e,e,b,b,e,e,c,,c,,,e,e,b,e,e,b,e,e,e,e,e,b,e,,e,e,e,e,,e,e,,e,e,e,e,e,e,e,c,e,e,e,e,e,e,e,e,e,e,e,e,e,e,e,e,e,e,e,e,e,e,e,e,e
SW6,a,a,a,a,a,,b,b,a,a,a,a,c,a,a,a,b,b,a,c,c,,a,,,a,a,a,a,a,a,a,a,a,a,a,a,a,,a,a,a,a,,a,a,,a,a,b,a,b,a,b,b,a,a,a,b,c,a,a,a,a,a,a,a,a,a,a,b,b,a,a,a,a,a,a,a,a
SW7,c,c,c,c,c,,c,c,c,a,c,c,c,c,c,c,b,b,c,c,c,,c,,,c,c,b,b,b,b,c,c,c,c,c,,c,,c,c,a,c,,b,c,,c,c,c,c,c,c,c,c,c,c,c,c,c,c,c,c,c,c,c,c,c,c,c,b,c,c,c,c,c,c,c,c,c
SW8,a,a,a,a,a,,a,a,a,a,a,a,a,a,a,a,a,d,a,a,a,,b,,,a,a,a,a,a,b,a,a,a,a,a,a,a,,a,c,a,a,,a,a,,a,a,a,a,a,a,a,a,a,a,a,a,a,a,a,a,a,a,a,a,a,a,a,a,a,a,a,a,a,a,a,a,a
SW9,c,c,c,c,b,,b,b,b,c,b,c,b,d,c,c,b,b,c,c,c,,b,,,c,c,b,b,b,c,c,c,b,c,c,a,b,,c,c,c,c,,c,c,,c,c,b,c,b,b,c,c,c,c,b,c,c,c,b,c,c,c,c,c,c,c,a,c,c,b,c,c,c,c,c,b,c
SW10,c,c,a,c,c,,c,c,c,c,c,c,c,c,c,b,c,a,c,c,c,,c,,,c,c,b,c,a,,c,c,c,c,c,a,c,,c,c,a,c,,c,c,,c,b,c,c,c,c,c,c,c,c,c,c,c,c,c,c,c,c,c,c,c,c,c,b,c,c,c,c,c,c,c,c,c
SW11,c,b,c,c,d,,a,a,b,c,a,c,a,b,c,d,b,c,c,c,c,,c,,,b,d,b,a,d,c,c,c,c,c,c,b,a,,c,c,c,c,,d,c,,c,c,c,c,b,a,c,c,c,c,c,c,c,c,d,c,c,c,b,c,c,c,c,a,c,b,b,c,c,d,c,c,c
DEF1,d,d,d,d,d,,d,c,d,c,d,d,d,c,d,d,d,b,d,d,d,,c,,,d,d,a,d,c,a,d,d,d,d,d,b,d,,d,d,d,d,,d,d,,d,d,d,d,d,d,d,d,d,d,d,d,d,d,d,d,d,d,d,d,d,d,d,d,d,d,d,d,d,d,d,d,d
DEF2,d,c,c,d,a,,a,a,c,a,a,d,a,d,d,d,a,a,d,d,d,,c,,,d,d,e,a,a,c,d,d,d,c,c,d,a,,d,d,d,d,,d,d,,d,d,c,d,d,a,d,c,d,d,c,d,d,d,d,d,d,d,d,a,a,d,d,d,d,a,d,d,d,d,d,d,d
DEF3,a,a,a,a,a,,a,a,a,a,,a,a,a,a,a,a,a,a,a,a,,,,,a,a,a,,,,a,a,a,a,a,,a,,a,a,a,a,,a,a,,a,a,a,a,a,b,a,a,a,c,a,a,a,a,a,a,a,a,a,a,a,a,a,a,a,a,a,a,a,a,a,a,a
DEF4,d,e,e,d,,,e,,b,e,d,g,e,b,e,e,e,e,d,d,e,,c,,,d,e,e,e,g,a,e,d,e,d,d,c,e,,d,e,d,d,,d,d,,d,d,f,e,d,d,e,d,e,d,d,e,d,d,d,d,d,d,f,d,d,d,d,e,e,d,d,e,d,d,e,d,e
DEF5,a,a,a,a,a,,a,b,a,a,b,a,b,b,a,a,a,a,a,a,a,,a,,,a,a,b,a,a,b,a,a,b,a,a,b,a,,b,a,a,a,,a,a,,b,a,a,a,b,a,a,b,a,a,a,a,a,a,a,a,a,a,a,b,a,a,a,b,a,a,a,a,a,a,a,a,a
BRK1,a,,a,a,a,,a,a,a,a,a,a,b,a,a,a,a,a,a,a,a,,b,,,a,a,a,a,a,a,a,a,a,a,a,,a,,a,a,a,a,,a,a,,a,a,a,a,a,a,a,a,a,a,a,a,a,a,a,a,a,a,b,a,a,a,a,a,,a,a,a,a,a,a,a,a
BRK2,d,d,d,d,d,,d,d,d,d,d,d,c,c,d,d,d,c,d,d,d,,c,,,d,d,d,d,d,a,d,d,d,d,d,b,d,,d,d,d,d,,d,d,,d,d,d,d,d,d,d,d,d,d,d,d,d,d,d,d,d,d,d,d,d,d,d,d,d,d,d,d,d,d,d,d,d
BRK3,a,a,a,a,a,,a,a,a,a,a,a,a,a,a,a,a,a,a,a,a,,a,,,a,a,a,a,a,a,a,a,a,a,a,b,a,,a,a,a,a,,a,a,,a,a,a,a,a,a,a,a,a,a,a,a,a,a,a,a,a,a,a,a,a,a,a,a,a,a,a,a,a,a,a,a,a
BRK4,a,b,b,b,b,,b,b,b,b,b,b,b,b,b,b,a,b,b,b,b,,b,,,b,b,b,b,a,a,b,b,b,b,b,c,b,,b,b,b,b,,b,b,,b,b,b,b,b,a,b,b,b,b,b,b,b,b,b,b,b,b,a,b,b,b,b,a,b,b,b,b,b,b,b,b,b
BRK5,b,b,b,b,b,,b,a,b,b,a,a,a,b,b,a,a,a,a,a,a,,a,,,b,b,b,b,a,b,b,b,b,b,a,c,b,,b,a,b,b,,b,b,,b,b,b,b,b,a,b,b,b,b,a,b,b,a,b,b,b,b,b,b,b,b,b,b,b,b,b,b,b,b,b,b,a
BRK6,a,c,e,a,e,,a,e,e,e,a,c,e,e,,b,b,b,e,a,,,c,,,a,e,e,e,e,b,e,c,a,e,a,b,e,,c,c,c,b,,e,a,,a,c,e,c,d,b,c,e,c,a,c,c,c,c,e,e,a,a,c,e,a,a,a,b,a,e,a,c,c,c,a,c,e
FNC1,a,a,,b,b,,b,b,c,c,c,c,a,b,a,c,c,a,a,a,a,,a,,,b,b,b,b,a,c,a,b,c,a,b,b,b,,b,b,a,d,,c,b,,b,b,b,a,b,a,c,a,a,c,b,b,b,b,b,b,b,b,b,a,b,b,b,c,b,b,b,b,b,b,c,b,a
FNC2,c,a,b,b,b,,a,c,b,,a,b,a,b,a,b,,a,a,b,b,,c,,,b,b,b,b,d,b,b,b,b,c,a,c,a,,a,b,b,b,,b,b,,b,a,a,a,b,b,b,b,b,b,c,b,b,c,b,b,b,b,b,a,b,b,b,a,b,b,b,a,b,b,b,b,b
FNC3,c,c,,d,d,,a,b,c,e,d,c,d,c,c,c,a,e,d,d,d,,c,,,d,c,d,c,c,c,a,d,d,c,d,d,c,,c,a,c,c,,d,d,,d,d,c,d,d,c,d,a,c,d,d,d,d,c,d,d,d,d,b,,d,d,d,d,d,c,d,c,d,d,d,d,d
FNC4,a,a,a,a,a,,a,a,a,a,a,a,a,a,a,a,b,a,a,a,a,,a,,,a,a,a,b,a,a,a,a,a,a,a,c,a,,a,b,b,a,,a,a,,a,,a,a,a,a,a,a,a,b,a,a,a,a,a,a,b,b,a,a,a,a,a,a,a,a,a,a,a,b,a,b,a
FNC5,a,a,a,a,a,,a,b,b,a,b,b,b,b,a,a,a,b,a,a,a,,a,,,a,a,b,b,a,a,b,b,a,a,a,a,a,,b,b,b,b,,b,b,,b,b,b,b,b,b,a,b,a,b,a,b,b,a,b,b,b,b,a,a,b,b,b,b,b,b,b,b,b,b,b,b,a
FNC6,a,a,a,b,b,,a,a,b,a,b,b,c,a,a,a,a,a,a,b,b,,a,,,a,a,b,b,a,b,b,b,b,a,a,a,b,,a,b,b,b,,b,b,,b,b,b,b,b,b,b,a,b,b,a,b,a,a,b,b,b,b,b,a,b,b,b,b,b,b,b,b,b,b,b,b,b
FNC7,b,b,b,b,b,,b,a,b,b,b,b,c,b,a,b,a,a,b,b,b,,a,,,b,b,a,b,a,a,a,b,b,b,b,a,b,,b,b,b,b,,b,b,,b,b,,b,b,b,b,a,b,b,b,b,b,b,b,b,b,b,b,b,b,b,b,b,b,b,b,b,b,b,b,b,b
FNC8,b,a,a,b,b,,a,b,b,b,a,a,a,a,b,a,c,b,c,b,b,,b,,,b,a,b,a,c,b,b,a,b,b,b,b,c,,a,b,b,b,,b,b,,b,b,b,a,b,b,b,a,b,b,b,b,b,a,b,b,b,b,b,b,b,b,b,b,b,a,a,b,b,b,b,b,b
FNC9,c,c,b,b,b,,b,b,c,c,c,c,c,c,c,c,a,b,a,c,c,,b,,,c,c,b,c,a,b,b,c,c,c,c,b,a,,c,c,c,c,,b,c,,b,c,c,c,c,c,c,b,c,b,c,c,c,c,c,c,c,c,c,c,c,c,c,c,c,c,c,c,c,c,b,c,c
FNC10,a,b,a,a,a,,a,b,a,b,a,a,a,a,a,b,a,b,c,a,a,,a,,,b,a,a,a,a,b,a,a,a,b,a,,b,,a,a,b,a,,a,,,a,a,,a,a,a,a,a,a,a,a,a,a,a,a,a,a,a,a,a,a,a,a,a,a,a,a,a,a,a,a,a,a
FNC11,a,a,a,b,b,,a,,a,a,a,a,b,a,a,a,a,b,a,a,a,,,,,a,b,a,a,b,a,a,a,a,a,a,b,a,,a,a,a,a,,a,a,,a,a,a,a,a,b,a,a,a,a,a,a,a,a,a,a,a,a,a,a,a,a,a,a,a,a,a,a,a,a,a,a,a
FP1,d,b,b,b,b,,,b,b,b,d,d,d,b,b,a,a,c,d,d,d,,c,,,b,b,c,b,d,c,b,b,b,d,b,d,d,,d,d,b,d,,d,d,,d,a,d,d,d,d,a,b,d,d,a,a,a,a,d,d,d,d,d,d,d,b,d,b,d,d,d,d,d,d,d,d,d
FP2,b,,d,a,a,,d,c,b,a,b,b,b,a,b,d,c,a,b,b,b,,b,,,a,a,e,c,d,a,a,a,a,c,c,a,c,,b,b,b,a,,d,b,,b,a,d,b,b,e,b,a,a,b,a,b,b,b,c,b,b,b,a,c,b,c,b,b,b,d,b,d,b,c,a,d,b
FP3,a,b,d,b,b,,b,c,b,b,d,b,a,b,b,b,b,d,d,b,b,,a,,,b,b,e,c,d,b,b,b,c,b,c,a,a,,b,b,b,b,,d,b,,b,b,c,b,b,e,c,b,a,b,b,b,b,d,c,c,b,b,c,c,b,c,b,c,c,d,b,c,b,c,b,d,a
FP4,b,b,b,b,b,,b,a,b,c,b,b,b,b,b,b,b,a,b,b,b,,b,,,b,b,a,b,b,b,b,b,b,b,b,b,b,,b,b,b,b,,b,b,,b,b,b,b,b,b,b,b,b,b,b,b,b,b,b,b,b,b,b,b,b,b,b,b,b,b,b,b,b,b,b,b,b
FP5,a,,a,a,a,,a,a,a,b,b,a,a,b,a,a,a,a,a,a,a,,a,,,a,b,a,a,a,b,a,b,a,b,a,b,b,,a,a,a,a,,a,a,,a,a,b,a,a,a,a,a,a,a,a,a,a,a,a,a,a,a,a,a,a,a,a,a,a,a,a,a,a,a,a,a,b
FP6,b,,a,a,a,,a,a,b,b,b,b,a,b,a,b,a,b,a,b,b,,a,,,b,b,b,b,a,a,a,b,b,a,b,b,b,,b,b,b,b,,b,b,,b,b,b,b,b,a,b,b,a,b,b,b,b,a,a,b,b,b,b,b,b,b,b,b,b,b,b,b,b,b,b,b,b
FP7,b,,a,a,a,,a,,a,a,a,a,a,,a,a,a,a,a,a,a,,a,,,a,a,a,a,a,a,a,,a,a,a,b,a,,a,b,a,a,,a,a,,a,a,a,a,b,a,a,a,a,a,a,b,a,a,a,a,a,a,a,a,a,a,a,a,a,a,a,a,a,b,a,a,b
FP8,a,,a,a,a,,a,b,a,a,a,a,a,a,a,a,b,b,a,a,a,,a,,,a,a,b,a,a,a,a,a,a,a,a,a,a,,a,a,a,a,,a,a,,a,a,a,a,a,a,a,a,a,a,a,a,a,a,a,a,a,a,a,a,a,a,a,a,a,a,b,a,a,a,a,a,a
FP9,b,,b,b,b,,b,a,b,b,b,b,b,b,b,b,a,a,b,b,b,,a,,,b,a,b,b,a,b,a,b,b,b,b,a,b,,b,b,b,b,,b,b,,b,b,b,b,b,b,b,b,b,b,b,b,b,b,b,b,b,b,b,b,b,b,b,b,b,b,b,b,b,b,b,b,b
FP10,a,,a,a,a,,a,,a,b,a,a,a,a,a,b,a,a,a,a,a,,a,,,a,a,b,a,a,a,a,a,a,,a,a,b,,a,a,b,a,,a,a,,a,a,a,a,a,a,a,a,a,b,a,a,a,a,a,a,a,a,a,a,a,a,a,a,a,a,a,a,a,a,a,a,a
FP11,a,a,d,a,a,,b,c,a,a,a,a,d,a,d,d,a,c,d,a,a,,b,,,a,a,a,a,b,a,a,a,a,d,d,a,d,,a,a,a,a,,a,a,,a,a,a,a,a,e,a,a,b,a,a,a,a,a,a,a,a,a,a,a,a,a,a,b,a,a,a,a,a,a,a,a,a
FP12,b,b,d,b,b,,b,c,b,a,b,b,b,a,b,a,a,c,d,b,b,,b,,,a,b,b,b,b,a,b,b,a,d,d,b,d,,b,a,b,b,,d,b,,b,b,b,b,b,c,b,a,c,d,a,b,b,b,b,b,b,b,b,b,d,b,b,c,b,b,b,b,b,b,b,a,a
FR1,c,b,a,d,d,,d,a,d,b,d,d,c,d,d,b,d,c,d,d,d,,c,,,b,a,c,a,b,b,a,b,d,d,a,a,d,,d,d,a,d,,d,d,,d,d,d,d,d,a,d,b,d,d,d,d,d,d,d,d,d,d,d,d,d,d,d,a,d,d,d,d,d,d,d,d,d
FR2,b,b,,b,b,,b,b,b,d,b,b,b,b,b,b,a,a,a,b,b,,c,,,b,b,e,b,d,c,b,b,b,b,b,a,d,,b,b,b,b,,d,b,,b,b,d,b,b,e,b,a,b,b,b,b,b,d,b,b,b,b,a,b,b,a,b,b,b,b,b,b,b,b,b,b,b
FR3,c,c,d,c,c,,b,b,c,c,c,d,c,c,b,d,c,a,c,c,c,,b,,,c,c,a,c,d,a,c,b,c,b,b,a,d,,c,c,c,c,,c,c,,c,c,c,b,b,b,c,c,b,c,c,c,c,c,c,c,c,c,c,c,c,c,c,b,c,c,d,c,c,c,c,c,c
FR4,a,,a,a,a,,a,a,a,a,a,a,a,a,a,a,a,b,b,a,a,,a,,,a,a,b,a,a,a,a,b,b,a,a,a,b,,a,a,a,a,,a,a,,a,a,b,a,a,a,a,a,a,a,a,a,a,a,a,a,a,a,a,a,a,a,a,a,a,a,b,a,a,a,a,a,a
FR5,b,b,b,b,b,,b,b,a,a,b,a,a,a,b,a,b,a,b,a,a,,a,,,b,b,b,a,b,b,b,b,a,a,a,,b,,b,a,b,b,,b,b,,a,b,b,a,a,b,a,a,b,b,a,a,b,b,b,a,b,b,b,a,a,a,a,b,a,b,b,a,a,a,a,a,a
FR6,a,a,a,a,a,,a,c,a,a,a,a,a,a,a,d,d,b,a,c,c,,c,,,a,a,a,a,a,c,a,a,a,a,a,a,a,,a,a,a,a,,c,a,,a,a,a,a,c,a,c,a,a,a,a,a,a,a,a,a,a,a,a,a,a,a,a,a,a,a,a,c,a,a,a,a,a
FR7,b,b,b,b,b,,a,a,b,b,b,b,a,a,a,a,b,a,a,b,b,,a,,,a,a,a,b,a,a,b,b,b,b,b,b,a,,b,a,b,b,,b,b,,b,b,b,b,a,b,b,a,b,b,a,b,b,a,b,b,b,b,b,b,b,b,b,b,b,b,b,a,b,b,b,b,b
FR8,b,b,b,b,b,,a,a,b,b,b,b,c,b,a,b,a,a,b,b,b,,a,,,b,a,b,b,a,b,a,b,b,b,b,b,a,,b,b,b,b,,b,b,,b,b,b,b,b,b,b,b,b,b,b,b,b,a,b,b,b,b,b,b,b,b,b,b,b,b,a,b,b,b,b,b,b
FR9,a,a,a,a,a,,b,a,a,a,a,a,b,a,a,a,b,b,b,a,a,,b,,,a,a,b,a,a,b,a,a,a,a,a,a,a,,a,a,a,a,,a,a,,a,a,a,a,a,a,a,a,a,a,a,a,a,a,a,a,a,a,a,a,a,a,a,a,a,a,a,a,a,a,a,a,a
FR10,b,b,b,b,b,,b,a,b,a,b,b,c,b,b,a,a,a,a,b,b,,a,,,a,b,a,b,a,a,b,b,b,a,b,b,a,,b,b,b,b,,b,b,,b,b,b,b,b,b,a,a,b,b,b,b,b,b,b,b,b,b,b,b,b,b,b,b,b,b,b,a,b,b,b,a,b
FR11,b,b,b,b,b,,b,b,b,b,b,b,b,b,b,b,b,c,b,b,b,,b,,,b,b,d,b,b,b,b,b,b,b,b,c,b,,b,b,b,b,,b,b,,b,b,b,b,b,b,b,b,b,b,b,b,b,b,b,b,b,b,b,b,b,b,b,b,b,b,b,a,b,b,d,b,b
FC1,a,a,a,a,a,,a,a,a,a,a,a,b,a,a,a,a,a,a,a,a,,a,,,a,b,b,a,a,a,b,a,a,a,a,a,a,,a,a,a,a,,a,a,,a,a,a,a,a,a,a,a,a,a,a,a,a,a,a,a,a,a,a,b,a,a,a,a,a,a,a,a,a,a,b,a,a
FC2,a,a,c,b,b,,,a,a,c,a,c,a,a,b,a,b,a,c,a,a,,a,,,a,a,a,b,a,a,a,b,b,a,b,a,a,,c,a,a,b,,b,a,,a,a,a,a,a,a,a,a,a,b,a,c,c,b,a,,a,a,a,a,b,b,a,a,a,a,a,a,a,a,a,a,a
FC3,a,a,b,b,b,,a,b,b,b,b,b,a,a,b,a,a,b,a,b,b,,a,,,b,a,a,b,a,a,a,a,b,b,b,b,a,,b,a,b,b,,b,b,,a,b,b,b,b,a,a,b,a,a,a,b,a,b,b,b,b,b,b,b,b,a,b,b,a,b,b,b,b,b,a,b,a
FC4,b,,c,b,b,,b,b,b,c,a,a,c,b,b,a,a,b,b,b,b,,a,,,b,b,a,b,a,a,a,b,b,a,b,a,c,,b,a,b,b,,b,a,,b,b,b,a,b,b,a,a,b,b,b,b,a,a,b,b,b,b,b,b,b,b,a,b,b,c,b,b,a,a,b,b,a
FC5,c,c,c,d,d,,d,c,c,c,c,c,c,c,d,c,c,b,d,c,c,,a,,,c,c,b,c,c,d,c,d,c,c,c,b,d,,c,c,c,c,,c,c,,c,c,c,d,c,c,c,d,c,c,c,c,c,c,c,c,c,c,c,c,c,c,c,c,c,c,c,c,c,c,c,c,c
FC6,a,a,a,a,a,,a,a,a,a,a,a,a,a,a,a,b,a,a,a,a,,a,,,a,b,a,a,a,b,a,a,a,a,a,a,a,,a,a,a,a,,a,a,,a,a,a,a,a,a,a,a,a,a,a,a,a,a,a,a,a,a,a,a,a,a,a,a,a,a,a,a,a,a,a,a,a
FC7,a,a,a,a,a,,a,a,a,a,a,a,a,a,a,a,a,a,a,a,a,,a,,,a,a,a,a,a,b,a,a,b,a,a,b,a,,a,a,a,a,,a,a,,a,b,a,a,a,a,a,a,a,b,a,a,a,a,a,c,a,a,a,b,b,a,a,a,a,a,a,a,a,a,a,a,a
FC8,a,a,a,a,a,,a,a,a,a,a,a,a,a,a,a,a,b,a,a,a,,a,,,a,a,b,a,a,a,a,a,a,a,a,a,a,,a,a,a,a,,a,a,,a,a,a,a,a,a,b,a,a,a,a,a,a,a,a,a,a,a,a,a,a,a,a,a,a,a,a,b,a,a,a,a,a
FA1,c,c,d,c,c,,d,c,d,c,c,c,b,c,c,e,c,c,c,b,b,,c,,,a,b,a,c,d,a,c,c,d,c,a,a,d,,c,c,c,c,,d,c,,b,c,d,c,c,b,c,c,c,c,c,c,c,c,c,c,c,c,c,c,c,c,c,b,c,c,c,c,c,c,c,c,c
FA2,c,c,b,c,c,,d,c,c,d,c,c,c,c,b,e,c,c,d,b,b,,c,,,c,a,a,c,d,a,c,c,c,b,b,a,b,,c,c,c,c,,c,c,,c,c,c,c,c,b,c,c,b,c,c,c,c,c,c,c,c,c,c,c,c,c,c,b,c,c,c,d,c,c,c,c,c
FA3,a,a,a,a,a,,a,a,a,a,b,b,a,a,a,a,a,a,a,a,a,,a,,,a,a,b,a,a,b,a,a,a,a,a,a,a,,a,a,a,a,,a,a,,a,a,a,a,a,a,a,a,a,a,a,a,a,a,a,a,a,a,a,b,a,a,a,a,a,a,a,a,a,a,a,a,a
FA4,b,a,a,b,b,,a,a,a,a,b,a,a,a,a,a,a,a,a,c,c,,a,,,a,b,a,a,a,a,a,b,a,a,b,b,a,,c,b,b,a,,a,b,,a,a,b,a,a,b,a,b,a,b,a,b,b,b,a,a,b,a,a,b,a,b,a,b,a,c,b,b,b,b,b,a,b
FA5,a,,a,a,a,,a,d,a,a,a,a,a,a,a,a,a,b,a,a,a,,b,,,a,d,b,a,a,b,a,a,a,a,a,d,b,,a,a,a,a,,a,a,,a,a,a,a,a,a,a,a,a,a,a,a,a,a,a,a,a,a,a,a,a,a,a,a,a,a,a,a,a,a,a,a,a
FA6,b,b,b,b,b,,b,c,b,b,b,b,d,b,b,b,a,c,b,b,b,,c,,,b,d,b,b,d,a,b,b,b,b,b,a,a,,b,c,b,b,,b,b,,b,b,b,b,b,c,b,c,a,b,b,b,b,b,b,b,b,b,b,a,b,b,b,b,b,b,b,b,b,b,b,b,b
FA7,a,b,b,b,b,,d,c,b,b,b,b,a,b,b,a,c,b,a,d,d,,c,,,b,d,b,b,a,a,b,b,b,b,b,a,a,,b,b,b,b,,b,b,,b,b,b,b,b,c,b,c,b,b,b,b,c,b,b,b,b,b,b,b,c,b,b,b,b,b,b,b,b,b,b,b,c
FFP1,a,a,a,a,a,,a,a,a,a,a,a,a,a,a,a,a,a,a,a,a,,a,,,a,a,b,a,a,b,a,a,a,a,a,a,a,,a,a,a,a,,a,a,,a,a,b,a,a,a,b,a,a,a,a,a,a,a,a,a,a,a,a,a,a,a,a,a,a,a,a,a,a,a,a,a,a
FFP2,a,a,a,a,a,,a,b,a,a,a,a,a,a,a,a,a,a,a,b,b,,a,,,a,a,b,a,b,b,a,a,a,a,a,a,a,,a,a,a,a,,a,a,,a,a,b,b,a,a,a,a,a,a,a,a,a,a,a,a,a,a,a,a,a,a,a,a,a,a,a,a,a,a,a,a,a
FFP3,a,a,a,a,a,,a,a,a,a,a,a,a,a,a,a,a,a,a,a,a,,b,,,b,a,a,a,a,b,a,a,a,a,a,a,a,,a,a,a,a,,b,a,,a,a,a,a,a,a,a,a,a,a,a,a,a,a,a,a,a,a,a,a,a,a,a,a,a,a,a,a,a,a,a,a,a
FFP4,a,a,a,a,a,,a,a,a,a,b,a,b,a,a,b,a,a,a,a,a,,a,,,a,a,a,a,b,a,a,a,a,a,b,b,a,,a,a,a,b,,b,a,,a,a,a,a,a,a,a,a,a,a,a,a,a,a,a,a,a,a,a,a,a,a,a,a,a,a,b,a,a,a,a,a,a
FFP5,b,b,a,a,a,,a,b,b,a,b,b,a,b,a,b,a,a,a,b,b,,a,,,b,a,a,a,a,a,a,a,a,b,b,a,a,,a,a,a,b,,a,a,,b,a,a,a,a,a,a,b,a,a,a,c,a,a,a,a,a,a,b,a,b,a,b,a,a,b,b,a,b,b,b,a,a
FFP6,a,a,a,a,a,,a,b,a,a,b,a,a,a,a,a,a,b,a,a,a,,a,,,b,a,a,a,a,a,a,a,a,a,b,a,a,,a,a,a,a,,b,a,,a,a,a,a,a,a,a,a,a,a,a,a,a,a,a,a,a,a,a,a,a,a,a,a,a,a,b,a,a,a,a,a,a
ES1,a,a,a,a,a,,a,a,a,b,a,a,a,a,a,b,a,a,b,c,c,,a,,,a,a,a,a,a,b,b,a,a,a,a,b,b,,a,a,a,a,a,a,a,,a,a,a,a,a,a,a,a,a,a,a,a,a,a,a,a,a,a,a,a,a,a,a,a,a,a,a,a,a,a,a,a,b
ES2,a,a,a,a,a,,a,a,a,a,a,a,b,a,a,a,a,b,a,a,a,,a,,,a,a,b,a,a,a,a,a,a,a,b,b,a,,b,a,a,b,a,a,a,,a,a,a,a,a,a,b,a,a,a,a,a,a,a,b,b,a,a,a,a,a,a,b,b,a,a,a,a,b,a,b,a,a
ES3,a,a,a,a,a,,a,a,a,a,a,a,a,a,a,a,a,a,a,a,a,,a,,,a,a,b,a,a,a,a,a,a,a,a,a,a,,a,a,a,a,a,a,a,,a,a,a,a,a,a,a,a,a,b,a,a,a,a,a,a,a,a,a,a,a,a,a,a,a,a,a,a,a,a,a,a,a
ES4,a,a,a,a,a,,a,a,b,a,a,b,a,a,a,a,a,a,b,a,a,,a,,,a,a,a,a,a,b,a,a,a,a,a,a,b,,a,a,a,b,a,a,a,,b,a,b,b,a,b,a,a,b,a,a,a,a,a,a,b,a,a,b,a,a,a,a,b,a,a,a,a,a,a,b,a,a
ES5,b,b,b,b,b,,b,b,b,b,b,b,b,b,b,b,a,b,b,b,b,,b,,,b,a,b,b,a,a,b,b,b,b,a,a,b,,b,b,b,b,b,b,b,,b,b,b,b,b,b,b,b,b,b,b,b,b,b,b,b,b,b,b,b,b,b,b,b,b,b,b,b,b,b,b,b,b
ES6,b,a,a,a,a,,a,a,a,a,a,c,a,a,a,a,a,a,a,a,a,,a,,,a,a,b,a,a,a,a,a,a,a,b,a,a,,a,a,a,a,a,a,a,,a,a,a,a,a,a,a,a,a,a,a,a,a,a,a,a,a,a,a,a,a,a,a,a,a,a,a,a,a,a,a,a,a
ES7,a,a,a,a,a,,a,a,a,b,a,b,a,a,a,a,a,a,a,a,a,,a,,,a,a,a,a,a,a,a,a,a,a,b,a,a,,b,a,a,b,a,a,a,,a,a,a,a,b,a,a,a,a,a,a,a,a,a,b,a,a,a,a,a,a,a,a,a,a,a,a,a,a,a,a,a,a
